,DOGE-USD,DOGE-USD,DOGE-USD,DOGE-USD,DOGE-USD,ETH-USD,ETH-USD,ETH-USD,ETH-USD,ETH-USD,BTC-USD,BTC-USD,BTC-USD,BTC-USD,BTC-USD
,Open,High,Low,Close,Volume,Open,High,Low,Close,Volume,Open,High,Low,Close,Volume
Date,,,,,,,,,,,,,,,
2020-07-04,0.002314999932423234,0.0023399998899549246,0.00228899996727705,0.0023089998867362738,109218071,225.28848266601562,230.05413818359375,225.13331604003906,229.07411193847656,5228310135,9084.2333984375,9183.2958984375,9053.6298828125,9132.48828125,12290528515
2020-07-05,0.0023070001043379307,0.0023270000237971544,0.0022770001087337732,0.0023089998867362738,110140542,228.9761962890625,229.85671997070312,224.54449462890625,227.6645965576172,5292172429,9126.0908203125,9162.18359375,8977.015625,9073.9423828125,12903406143
2020-07-06,0.0023089998867362738,0.002623999956995249,0.002302000066265464,0.002615999896079302,132105139,227.6850128173828,242.13270568847656,227.02952575683594,241.51022338867188,8782917553,9072.849609375,9375.474609375,9058.6640625,9375.474609375,17889263252
2020-07-07,0.0026140001136809587,0.003258999902755022,0.0026000000070780516,0.0030900000128895044,283970310,240.97259521484375,242.68185424804688,234.21865844726562,239.07553100585938,6441497597,9349.1611328125,9360.6171875,9201.8154296875,9252.27734375,13839652595
2020-07-08,0.003097000066190958,0.005419999826699495,0.0030610000248998404,0.004749999847263098,1226813925,239.15997314453125,248.30886840820312,238.39837646484375,246.67001342773438,9892586411,9253.0205078125,9450.3359375,9249.5,9428.3330078125,19702359883
2020-07-09,0.004732000175863504,0.005013999994844198,0.004147999919950962,0.004397000186145306,511315527,246.748291015625,247.2916717529297,239.89865112304688,243.01596069335938,8429099199,9427.994140625,9431.37890625,9234.9990234375,9277.9677734375,18000702524
2020-07-10,0.004393999930471182,0.004393999930471182,0.003438000101596117,0.0035149999894201756,225424869,242.86801147460938,242.8837890625,236.73052978515625,240.9849853515625,7281370522,9273.357421875,9287.4716796875,9118.001953125,9278.8076171875,16860035605
2020-07-11,0.0035280000884085894,0.003920000046491623,0.0034759999252855778,0.0038109999150037766,155299369,241.04478454589844,241.52748107910156,238.33123779296875,239.4581756591797,5643067316,9277.51171875,9293.5322265625,9199.4853515625,9240.3466796875,13249910444
2020-07-12,0.0038109999150037766,0.003843999933451414,0.0036140000447630882,0.0036299999337643385,87562043,239.4596405029297,243.31114196777344,237.7702178955078,242.13169860839844,6596394718,9241.0546875,9319.4189453125,9197.4501953125,9276.5,14452361907
2020-07-13,0.0036299999337643385,0.0036359999794512987,0.0030590000096708536,0.00317799998447299,143177055,242.18186950683594,244.31051635742188,238.2323760986328,239.60458374023438,7787751468,9277.205078125,9306.4052734375,9224.29296875,9243.6142578125,17519821266
2020-07-14,0.0031689999159425497,0.003369000041857362,0.0030610000248998404,0.0032939999364316463,103213409,239.97561645507812,242.0037841796875,237.7961883544922,240.21148681640625,7357458555,9238.703125,9283.841796875,9171.6611328125,9243.2138671875,18085038362
2020-07-15,0.0032870001159608364,0.0033030000049620867,0.0030739998910576105,0.0030849999748170376,69399827,240.14364624023438,241.40269470214844,237.09617614746094,238.42352294921875,6189328448,9241.8974609375,9275.3251953125,9171.93359375,9192.8369140625,15844731575
2020-07-16,0.003085999982431531,0.0030980000738054514,0.0028929999098181725,0.0029949999880045652,78457844,238.45091247558594,239.00625610351562,231.6211700439453,233.64088439941406,5832057567,9191.98046875,9214.3125,9088.947265625,9132.2275390625,15713967523
2020-07-17,0.0029909999575465918,0.003083999967202544,0.002937000012025237,0.0030610000248998404,74705371,233.69139099121094,234.41506958007812,232.10997009277344,232.77308654785156,5859850529,9131.8125,9182.25390625,9089.2021484375,9151.392578125,13944570749
2020-07-18,0.003060000017285347,0.003628999926149845,0.003031000029295683,0.0034729999024420977,204080851,232.85568237304688,236.54397583007812,232.32489013671875,235.4838104248047,5397402117,9151.18359375,9230.9833984375,9100.82421875,9159.0400390625,12252601475
2020-07-19,0.003464000066742301,0.0037529999390244484,0.0033289999701082706,0.003381999908015132,116746163,235.4582977294922,239.1606903076172,233.2797393798828,238.48751831054688,6251377305,9158.005859375,9201.3984375,9097.6328125,9185.8173828125,12939002784
2020-07-20,0.0033829999156296253,0.00343300006352365,0.003166999900713563,0.0032389999832957983,81038624,238.494873046875,239.5762481689453,234.85264587402344,236.15316772460938,5600686192,9187.220703125,9214.2705078125,9137.509765625,9164.2314453125,13755604146
2020-07-21,0.0032319999299943447,0.003309000050649047,0.0031870000530034304,0.0033050000201910734,77748189,236.30250549316406,246.18626403808594,235.68096923828125,245.0167236328125,6806696015,9162.5146484375,9407.2626953125,9149.3896484375,9374.8876953125,18069581956
2020-07-22,0.0033019999973475933,0.00330400001257658,0.0032210000790655613,0.0032850001007318497,54443238,245.03726196289062,262.98504638671875,242.48434448242188,262.1906433105469,7702077383,9375.080078125,9530.5185546875,9319.6533203125,9525.36328125,16532254884
2020-07-23,0.003283000085502863,0.0033209999091923237,0.0032649999484419823,0.0032949999440461397,58737115,262.3886413574219,277.5834655761719,261.0470886230469,274.6890563964844,10281309262,9527.1416015625,9610.2470703125,9483.00390625,9581.072265625,18146399002
2020-07-24,0.0032949999440461397,0.0033229999244213104,0.0031769999768584967,0.003220000071451068,58910215,274.7226867675781,286.1928405761719,269.2397766113281,279.2154235839844,9466060358,9585.5146484375,9623.3369140625,9481.4541015625,9536.892578125,16552768325
2020-07-25,0.0032190000638365746,0.0032949999440461397,0.003189000068232417,0.0032339999452233315,63203396,279.0263671875,306.7409973144531,279.0263671875,304.0567626953125,10785021813,9539.4853515625,9704.556640625,9530.2119140625,9677.11328125,16610070933
2020-07-26,0.003237999975681305,0.003269999986514449,0.0031840000301599503,0.003234999952837825,62592233,303.6923828125,316.3863220214844,300.267822265625,309.64361572265625,12003973026,9680.234375,10023.8076171875,9652.84765625,9905.1669921875,20507998997
2020-07-27,0.0032339999452233315,0.0032430000137537718,0.0030400000978261232,0.0031530000269412994,83138808,309.6579284667969,330.7012023925781,309.6579284667969,321.51409912109375,15644257058,9905.2177734375,11298.2216796875,9903.9697265625,10990.873046875,35359749590
2020-07-28,0.003155000042170286,0.0032190000638365746,0.0031320000998675823,0.0031969998963177204,63084930,321.8297424316406,325.9059753417969,307.7213439941406,316.6572570800781,12357108065,11017.4638671875,11204.3271484375,10632.6318359375,10912.8232421875,28766551142
2020-07-29,0.003197999903932214,0.003261999925598502,0.00317499996162951,0.003192000091075897,55817191,316.55535888671875,324.38079833984375,313.1095886230469,318.1908874511719,10878845706,10912.953125,11304.3974609375,10856.1416015625,11100.4677734375,24617249715
2020-07-30,0.003192000091075897,0.003244000021368265,0.003163000103086233,0.0032309999223798513,53506822,318.1449890136719,338.6311950683594,315.7510986328125,334.5866394042969,11827689045,11099.8330078125,11169.3564453125,10895.455078125,11111.2138671875,22857247901
2020-07-31,0.0032289999071508646,0.0032399999909102917,0.00318100000731647,0.0032250001095235348,54497306,334.63372802734375,348.6113586425781,329.3409423828125,345.5546569824219,12030600492,11110.2109375,11415.8642578125,10987.0537109375,11323.466796875,23160469766
2020-08-01,0.0032250001095235348,0.003797000041231513,0.0032029999420046806,0.00368899991735816,150687884,345.7986145019531,388.84796142578125,343.5874328613281,385.19970703125,14045259477,11322.5703125,11794.775390625,11239.6826171875,11759.5927734375,26075670303
2020-08-02,0.0036959999706596136,0.0037360000424087048,0.0032659999560564756,0.0033360000234097242,101249531,385.54986572265625,411.2283020019531,357.1436462402344,370.6717224121094,18909744275,11758.7646484375,12034.14453125,11018.1298828125,11053.6142578125,27410067336
2020-08-03,0.0033360000234097242,0.0034409998916089535,0.0033080000430345535,0.0033889999613165855,66931510,371.13385009765625,396.5069885253906,369.3363342285156,386.295166015625,12834648062,11043.7685546875,11453.0791015625,11012.4150390625,11246.3486328125,20271713443
2020-08-04,0.0033889999613165855,0.003561000106856227,0.0033760000951588154,0.0035349999088793993,74386428,386.1564636230469,400.70062255859375,382.985107421875,389.87548828125,14086704221,11246.203125,11385.3818359375,11094.1455078125,11205.892578125,21250197042
2020-08-05,0.0035429999697953463,0.003576999995857477,0.003484999993816018,0.003512999974191189,66465690,389.7108154296875,406.303955078125,386.2184753417969,401.590576171875,12875466638,11203.8232421875,11786.6171875,11158.28515625,11747.0224609375,24411254471
2020-08-06,0.0035170000046491623,0.0036359999794512987,0.003461000043898821,0.0035600000992417336,62944678,401.5838623046875,403.4886779785156,392.6001892089844,394.9619445800781,11304626458,11749.87109375,11902.3359375,11598.7138671875,11779.7734375,23400740340
2020-08-07,0.00356299988925457,0.003611000021919608,0.003425000002607703,0.0035329998936504126,68990009,395.22686767578125,398.2490234375,367.9355163574219,379.5128479003906,12751687084,11778.89453125,11898.0380859375,11408.59375,11601.47265625,23132312867
2020-08-08,0.003533999901264906,0.0035359999164938927,0.003452999982982874,0.0035099999513477087,62509900,379.55157470703125,393.98736572265625,377.3497314453125,393.98736572265625,9342060531,11604.5537109375,11800.064453125,11558.431640625,11754.0458984375,17572057837
2020-08-09,0.003507999936118722,0.0035329998936504126,0.00343000004068017,0.0034630000591278076,57020040,395.30523681640625,399.7370910644531,385.8307189941406,391.1204528808594,9451065592,11737.3251953125,11806.056640625,11548.7841796875,11675.7392578125,17489608833
2020-08-10,0.0034680000972002745,0.0035570000763982534,0.0034539999905973673,0.0034990001004189253,68038181,391.04150390625,399.3759460449219,391.04150390625,395.8875732421875,11685827893,11662.2568359375,12045.140625,11662.2568359375,11878.111328125,26114112569
2020-08-11,0.003495000069960952,0.003570999950170517,0.003346000099554658,0.0033939999993890524,78539442,395.89471435546875,398.4789123535156,370.8606262207031,380.3840637207031,12792218737,11881.6474609375,11932.7109375,11195.708984375,11410.525390625,27039782640
2020-08-12,0.0033970000222325325,0.003533999901264906,0.003341000061482191,0.0034839999862015247,70865885,380.0638122558594,391.31231689453125,367.9236145019531,391.024169921875,12408772745,11404.5966796875,11748.396484375,11249.60546875,11584.9345703125,25064548486
2020-08-13,0.0034829999785870314,0.0035490000154823065,0.0033650000113993883,0.0035170000046491623,73302994,390.8381042480469,432.90460205078125,379.71087646484375,428.7417907714844,18480303526,11588.4052734375,11796.396484375,11216.8720703125,11784.1376953125,27522199497
2020-08-14,0.003513999981805682,0.003579000011086464,0.0034759999252855778,0.003561000106856227,61334640,428.6772766113281,444.5777587890625,423.3458557128906,437.3978271484375,15064589987,11772.6591796875,12150.994140625,11685.455078125,11768.87109375,24237958589
2020-08-15,0.00356299988925457,0.0036069999914616346,0.0035000001080334187,0.0035389999393373728,64309678,437.56298828125,441.7546081542969,429.8746032714844,433.35491943359375,12416067894,11768.697265625,11963.203125,11768.697265625,11865.6982421875,23354924400
2020-08-16,0.003539999946951866,0.0035520000383257866,0.003469000104814768,0.003524000057950616,52637926,433.3505859375,436.2658386230469,415.08624267578125,433.78662109375,12168816874,11866.685546875,11934.9013671875,11737.1884765625,11892.8037109375,20583375490
2020-08-17,0.003524000057950616,0.003717999905347824,0.0035000001080334187,0.0035910001024603844,77628715,433.9737548828125,442.7349853515625,422.64727783203125,429.53125,13227089410,11895.658203125,12359.056640625,11806.6962890625,12254.40234375,28227687027
2020-08-18,0.0035929998848587275,0.0037090000696480274,0.0034829999785870314,0.003513999981805682,62570291,429.66961669921875,432.5802917480469,419.6741027832031,423.6693115234375,11978984079,12251.8955078125,12335.70703125,11954.525390625,11991.2333984375,26043227672
2020-08-19,0.003507999936118722,0.0035379999317228794,0.0033680000342428684,0.00342399999499321,53306857,423.73858642578125,427.024658203125,396.6783447265625,406.4637756347656,13137391167,11990.884765625,12028.923828125,11687.3330078125,11758.283203125,24502851117
2020-08-20,0.00342399999499321,0.0034990001004189253,0.003389999968931079,0.003459000028669834,43536656,406.7589111328125,418.73443603515625,404.0260925292969,416.4397888183594,10043032427,11761.5,11900.4111328125,11710.0634765625,11878.3720703125,20175242945
2020-08-21,0.0034570000134408474,0.0035540000535547733,0.0033889999613165855,0.003392999991774559,60621268,416.1487731933594,418.6379699707031,387.4411315917969,389.1263427734375,11781796374,11878.0263671875,11899.259765625,11564.9794921875,11592.4892578125,23762425999
2020-08-22,0.0033919999841600657,0.0034469999372959137,0.0033539999276399612,0.003441999899223447,44884852,389.0310974121094,396.4665832519531,382.81463623046875,395.83514404296875,10131847985,11585.4775390625,11689.4072265625,11448.8056640625,11681.8251953125,20224191306
2020-08-23,0.003438000101596117,0.003452999982982874,0.003387999953702092,0.003413999918848276,39485548,395.5628356933594,396.49041748046875,385.039794921875,391.3844909667969,8137303970,11679.6962890625,11713.4296875,11559.9208984375,11664.84765625,18482062658
2020-08-24,0.0034099998883903027,0.0034650000743567944,0.0033859999384731054,0.0034179999493062496,46470522,391.6789855957031,409.3885803222656,389.3146057128906,408.1441955566406,10328860398,11663.689453125,11807.6318359375,11623.25,11774.595703125,20681511755
2020-08-25,0.0034179999493062496,0.0034340000711381435,0.0032389999832957983,0.0033050000201910734,76826314,408.0716857910156,408.5279235839844,374.3553771972656,384.00103759765625,12428442042,11773.5888671875,11778.2998046875,11189.8505859375,11366.134765625,26301509932
2020-08-26,0.0033009999897331,0.0033450000919401646,0.0032510000746697187,0.0033030000049620867,80416711,383.9774475097656,391.8732604980469,378.7058410644531,386.46612548828125,9967343483,11366.89453125,11530.052734375,11296.9931640625,11488.36328125,22466660958
2020-08-27,0.0032999999821186066,0.0033140000887215137,0.0031649998854845762,0.0032029999420046806,89847093,386.60986328125,395.34918212890625,374.8664855957031,382.63262939453125,10457777652,11485.6083984375,11570.7861328125,11185.94140625,11323.3974609375,23240415076
2020-08-28,0.0032029999420046806,0.0032709999941289425,0.0031820000149309635,0.0032679999712854624,64056957,382.62957763671875,397.75762939453125,381.2738342285156,395.8746643066406,9120674421,11325.2958984375,11545.615234375,11316.4228515625,11542.5,19807127588
2020-08-29,0.003266999963670969,0.0033009999897331,0.0032420000061392784,0.0032820000778883696,78149363,395.6875915527344,405.6163635253906,393.03741455078125,399.9214782714844,8777703481,11541.0546875,11585.640625,11466.29296875,11506.865234375,17485597759
2020-08-30,0.0032840000931173563,0.003344000084325671,0.0032740000169724226,0.0032999999821186066,79325829,399.61669921875,428.6639709472656,399.6083679199219,428.3957214355469,11211948040,11508.7138671875,11715.2646484375,11492.3818359375,11711.505859375,19760127945
2020-08-31,0.0033009999897331,0.0033080000430345535,0.003203999949619174,0.0032210000790655613,85369757,428.5090026855469,438.5603332519531,419.7701721191406,435.0797424316406,12774741797,11713.306640625,11768.876953125,11598.318359375,11680.8203125,22285928250
2020-09-01,0.003220000071451068,0.003281000070273876,0.003194000106304884,0.0032560001127421856,81863764,434.87445068359375,487.2118835449219,432.0791931152344,477.0519104003906,18862763756,11679.31640625,12067.0810546875,11601.12890625,11970.478515625,27311555343
2020-09-02,0.0032579998951405287,0.0032659999560564756,0.003065000055357814,0.0031220000237226486,56647412,477.00787353515625,480.33099365234375,424.46002197265625,440.0404968261719,19691854014,11964.8232421875,11964.8232421875,11290.7939453125,11414.0341796875,28037405299
2020-09-03,0.0031220000237226486,0.003134000115096569,0.00279000005684793,0.0028019999153912067,59904548,440.239990234375,449.532470703125,381.12969970703125,385.67193603515625,19622845896,11407.19140625,11443.0224609375,10182.46484375,10245.296875,31927261555
2020-09-04,0.0027989998925477266,0.002957999939098954,0.002753000007942319,0.0028989999555051327,53434717,384.671630859375,402.4117431640625,371.6366882324219,388.24114990234375,16747106257,10230.365234375,10663.919921875,10207.9404296875,10511.8134765625,29965130374
2020-09-05,0.002899999963119626,0.002933999989181757,0.0027199999894946814,0.0027580000460147858,62295889,388.03839111328125,394.1722717285156,316.77435302734375,335.26007080078125,29880047640,10512.5302734375,10581.5712890625,9946.67578125,10169.5673828125,44916565292
2020-09-06,0.0027580000460147858,0.002814000006765127,0.002704000100493431,0.00278700003400445,89557154,335.3345642089844,359.7640380859375,319.0419006347656,353.3622741699219,27643678917,10167.216796875,10353.927734375,10056.8857421875,10280.3515625,37071460174
2020-09-07,0.00278700003400445,0.002831999910995364,0.002707999898120761,0.002810999983921647,102610335,353.45025634765625,358.2118835449219,326.2543640136719,352.6734924316406,21763614732,10280.998046875,10399.1533203125,9916.4931640625,10369.5634765625,33703098409
2020-09-08,0.0028200000524520874,0.002833999926224351,0.0027000000700354576,0.002756000030785799,57144396,353.2022705078125,355.5628662109375,328.8167724609375,337.60211181640625,17991403432,10369.306640625,10414.775390625,9945.1103515625,10131.5166015625,33430927462
2020-09-09,0.0027580000460147858,0.0028069999534636736,0.002704000100493431,0.002778999973088503,77050464,337.8249206542969,359.16448974609375,332.1650085449219,351.1100158691406,14547933520,10134.1513671875,10350.54296875,10017.2509765625,10242.34765625,24128292755
2020-09-10,0.0027920000720769167,0.0028589998837560415,0.0027520000003278255,0.002804999938234687,104276032,351.4293212890625,377.3935852050781,351.11175537109375,368.1018981933594,31421134556,10242.330078125,10503.912109375,10238.1357421875,10363.138671875,54406443211
2020-09-11,0.002804999938234687,0.0028250000905245543,0.002741999924182892,0.0028059999458491802,134077501,368.1184997558594,376.6304016113281,355.58258056640625,374.6955871582031,27296269329,10369.0283203125,10434.9228515625,10140.8369140625,10400.9150390625,45201121775
2020-09-12,0.0028019999153912067,0.002830999903380871,0.0027809999883174896,0.002819000044837594,117125272,374.59539794921875,387.5384521484375,367.8421936035156,387.18310546875,13295405814,10409.861328125,10578.837890625,10292.38671875,10442.1708984375,36750077324
2020-09-13,0.002819000044837594,0.002824000082910061,0.0027459999546408653,0.0027759999502450228,124253232,387.519287109375,388.9598083496094,354.3401794433594,365.57000732421875,15005899191,10452.3994140625,10577.21484375,10224.330078125,10323.755859375,36506852789
2020-09-14,0.0027759999502450228,0.0028429999947547913,0.002741999924182892,0.0028029999230057,128520946,365.6995849609375,384.4851989746094,357.56976318359375,377.26885986328125,17536695361,10328.734375,10800.0107421875,10266.0087890625,10680.837890625,35453581940
2020-09-15,0.0027989998925477266,0.0028780000284314156,0.002785000018775463,0.002831999910995364,100194174,377.1540222167969,381.50830078125,363.6068115234375,364.8392028808594,16140584321,10677.7548828125,10938.6318359375,10656.4599609375,10796.951171875,32509451925
2020-09-16,0.002830999903380871,0.0028589998837560415,0.0027910000644624233,0.0028260000981390476,148555505,364.7439880371094,372.7674255371094,356.6827392578125,365.8122863769531,16107612177,10797.76171875,11100.1240234375,10704.884765625,10974.9052734375,30769986455
2020-09-17,0.002824000082910061,0.0028589998837560415,0.0027809999883174896,0.002814000006765127,161305349,365.86578369140625,393.901611328125,364.7951354980469,389.01922607421875,19899531080,10973.251953125,11037.4208984375,10774.6279296875,10948.990234375,38151810523
2020-09-18,0.002814000006765127,0.0028250000905245543,0.0027489999774843454,0.0028039999306201935,147868185,389.3374938964844,391.9041442871094,376.9649963378906,384.3645324707031,14108357740,10951.8203125,11034.908203125,10829.6572265625,10944.5859375,26341903912
2020-09-19,0.00279600010253489,0.002814000006765127,0.0027729999274015427,0.0027940000873059034,147046520,384.0416564941406,387.07635498046875,378.72406005859375,385.54437255859375,11049507684,10933.7529296875,11134.0927734375,10909.6181640625,11094.3466796875,22764204008
2020-09-20,0.0027940000873059034,0.0028059999458491802,0.002722000004723668,0.0027779999654740095,145951917,385.5979919433594,385.5979919433594,367.0943603515625,371.0528259277344,12292195784,11095.8701171875,11095.8701171875,10814.4775390625,10938.271484375,24699523788
2020-09-21,0.0027779999654740095,0.0028019999153912067,0.002615999896079302,0.002630000002682209,78753428,371.400146484375,375.7370300292969,336.0689697265625,341.78607177734375,17398267133,10934.92578125,10988.3046875,10380.2607421875,10462.259765625,28884999244
2020-09-22,0.002624999964609742,0.002672000089660287,0.002604000037536025,0.002655999967828393,36467574,341.72381591796875,346.600830078125,336.85504150390625,344.503173828125,12732578043,10459.6240234375,10568.0771484375,10382.7265625,10538.4599609375,23621787804
2020-09-23,0.002655999967828393,0.002675000112503767,0.002558999927714467,0.002563999965786934,29993627,344.62249755859375,345.6355895996094,317.69207763671875,320.5855407714844,12047020995,10539.45703125,10637.84765625,10185.7744140625,10225.8642578125,22986733997
2020-09-24,0.002563999965786934,0.0026599999982863665,0.0025579999200999737,0.002644000109285116,30967522,320.6183166503906,351.4646301269531,318.4189758300781,349.3566589355469,13460565701,10227.4794921875,10765.794921875,10215.205078125,10745.548828125,23017536742
2020-09-25,0.002644000109285116,0.002718999981880188,0.0026289999950677156,0.002706000115722418,39515148,349.3631286621094,357.9572448730469,339.3503112792969,352.161865234375,12254269350,10747.47265625,10757.548828125,10594.0478515625,10702.2900390625,21232549821
2020-09-26,0.002707999898120761,0.0027489999774843454,0.0026910000015050173,0.002707999898120761,36770554,352.53125,355.96063232421875,348.129638671875,354.96527099609375,11036752997,10702.2373046875,10778.5,10682.08203125,10754.4375,18105012128
2020-09-27,0.002707999898120761,0.002733000088483095,0.0026829999405890703,0.002701000077649951,24673035,354.58721923828125,362.0513610839844,349.0943908691406,357.3216857910156,11464393949,10752.939453125,10804.732421875,10643.4580078125,10774.4267578125,18016880214
2020-09-28,0.002701000077649951,0.0027389999013394117,0.002650999929755926,0.0026579999830573797,35610656,357.3111572265625,366.8902587890625,354.82513427734375,354.95050048828125,12102509266,10771.6416015625,10949.123046875,10716.6767578125,10721.3271484375,22720365389
2020-09-29,0.0026579999830573797,0.0027099999133497477,0.0026459998916834593,0.0026809999253600836,36596920,354.9748229980469,360.7934875488281,351.8194580078125,359.9634094238281,10286529445,10712.462890625,10858.939453125,10665.3447265625,10848.830078125,20459870042
2020-09-30,0.00267999991774559,0.002687999978661537,0.0026320000179111958,0.0026420000940561295,32195544,359.9423522949219,361.2103271484375,353.6143493652344,360.0223693847656,9773649426,10845.4111328125,10856.5283203125,10689.6708984375,10787.6181640625,20759622010
2020-10-01,0.002644000109285116,0.0026779999025166035,0.002598999999463558,0.0026149998884648085,35974208,360.004638671875,369.2869873046875,347.19793701171875,353.2312927246094,12360670278,10785.0107421875,10915.84375,10493.552734375,10623.330078125,27178227816
2020-10-02,0.0026140001136809587,0.0026140001136809587,0.00254400004632771,0.0025839998852461576,46978131,353.2201843261719,354.0752258300781,337.35693359375,346.53265380859375,12946215647,10624.390625,10662.8134765625,10440.3115234375,10585.1640625,23127839259
2020-10-03,0.002584999892860651,0.0026360000483691692,0.002578000072389841,0.0026050000451505184,28617216,346.5026550292969,351.6279296875,344.88665771484375,347.32159423828125,8599594017,10583.806640625,10614.091796875,10527.978515625,10565.4931640625,17094010304
2020-10-04,0.0026050000451505184,0.002672000089660287,0.0026020000223070383,0.0026459998916834593,31175662,347.2724304199219,354.2533264160156,345.3987121582031,353.1219177246094,9308536486,10567.919921875,10700.791015625,10531.3427734375,10684.4287109375,17546792792
2020-10-05,0.0026459998916834593,0.0026599999982863665,0.002615999896079302,0.002626999979838729,28690532,353.0458068847656,355.2178955078125,350.1976318359375,354.277099609375,9933790982,10688.0341796875,10804.0009765625,10646.443359375,10804.0009765625,19385191766
2020-10-06,0.002624999964609742,0.0026370000559836626,0.002589999930933118,0.0026100000832229853,31952344,354.1377868652344,355.5040588378906,338.5202331542969,341.0211486816406,11497841885,10799.7783203125,10803.4560546875,10565.197265625,10621.6640625,22264958686
2020-10-07,0.0026100000832229853,0.0026130001060664654,0.0025859999004751444,0.0026000000070780516,43259079,341.0916748046875,342.59124755859375,335.5335998535156,342.1197814941406,10537119715,10619.8037109375,10687.2685546875,10591.9638671875,10679.13671875,17634388529
2020-10-08,0.002597999991849065,0.002633000025525689,0.0025730000343173742,0.0026030000299215317,43957899,342.094970703125,352.8003845214844,336.4971008300781,351.4556579589844,11511016796,10677.625,10939.7998046875,10569.8232421875,10923.6279296875,21962121001
2020-10-10,0.0026539999525994062,0.002715999959036708,0.0026539999525994062,0.0026549999602138996,96632426,365.4024658203125,378.26715087890625,365.3540344238281,370.96759033203125,13618484324,11059.142578125,11442.2109375,11056.9404296875,11296.361328125,22877978588
2020-10-11,0.00266700005158782,0.002706000115722418,0.0026489999145269394,0.0026740001048892736,107632465,370.9284362792969,377.2467956542969,369.8280334472656,375.1420593261719,12584512533,11296.08203125,11428.8134765625,11288.6279296875,11384.181640625,19968627060
2020-10-14,0.0026340000331401825,0.002652999944984913,0.0026179999113082886,0.0026370000559836626,87293434,381.9714660644531,387.2961730957031,374.1750183105469,379.4840393066406,13918846567,11429.0478515625,11539.9775390625,11307.8310546875,11429.5068359375,24103426719
2020-10-15,0.0026499999221414328,0.002650999929755926,0.0025690000038594007,0.002592999953776598,83794207,379.1922302246094,381.2087707519531,371.3541259765625,377.44183349609375,14964182545,11426.6025390625,11569.9140625,11303.603515625,11495.349609375,24487233058
2020-10-16,0.0025949999690055847,0.002615999896079302,0.0025569999124854803,0.002612000098451972,117882236,377.8684997558594,380.0215148925781,362.597412109375,366.22900390625,14670784817,11502.828125,11540.0615234375,11223.0126953125,11322.123046875,25635480772
2020-10-17,0.0026030000299215317,0.002612000098451972,0.0025730000343173742,0.002581000095233321,125692391,366.0157165527344,369.76812744140625,364.489013671875,368.8559265136719,10951115359,11322.123046875,11386.26171875,11285.345703125,11358.1015625,19130430174
2020-10-18,0.002581000095233321,0.002601000014692545,0.0025770000647753477,0.0025859999004751444,72298803,368.7275390625,378.59765625,368.129150390625,378.21368408203125,11047103109,11355.982421875,11483.359375,11347.578125,11483.359375,18283314340
2020-10-19,0.0025949999690055847,0.002618999918922782,0.002572000026702881,0.002589999930933118,91049562,378.4696350097656,383.3176574707031,373.7022705078125,379.93560791015625,12811242092,11495.0380859375,11799.0927734375,11408.2900390625,11742.037109375,23860769928
2020-10-20,0.002589999930933118,0.0026229999493807554,0.002581000095233321,0.002601000014692545,65577101,379.7196960449219,380.7610168457031,367.60107421875,369.13690185546875,13741586582,11745.974609375,11999.91796875,11681.48046875,11916.3349609375,30915821592
2020-10-21,0.0026000000070780516,0.0026569999754428864,0.0025939999613910913,0.002630000002682209,45017115,369.0594177246094,400.62725830078125,368.72796630859375,392.1899719238281,20241324322,11913.0771484375,13184.56640625,11900.9287109375,12823.689453125,43414712626
2020-10-22,0.002626999979838729,0.0026889999862760305,0.002623999956995249,0.0026549999602138996,44976453,391.4886169433594,420.14166259765625,391.27630615234375,413.7729797363281,15772846485,12801.6357421875,13161.59375,12717.09375,12965.8916015625,34729759598
2020-10-23,0.0026489999145269394,0.0026910000015050173,0.0026370000559836626,0.0026469998992979527,46856082,414.05133056640625,418.9599304199219,403.08203125,409.7666931152344,14256222052,12971.548828125,13015.9619140625,12752.6474609375,12931.5390625,28974975003
2020-10-24,0.0026469998992979527,0.002652999944984913,0.002623999956995249,0.0026459998916834593,44797614,409.7672424316406,416.59967041015625,407.8517150878906,412.4576110839844,12201739194,12931.57421875,13145.06640625,12885.7470703125,13108.0625,24542317940
2020-10-25,0.002644999884068966,0.0026759998872876167,0.002623999956995249,0.002652999944984913,58532388,412.4576416015625,417.1592102050781,405.35064697265625,406.2177734375,10890207469,13108.0634765625,13329.18359375,12910.0615234375,13031.173828125,24406920575
2020-10-26,0.002652999944984913,0.0028929999098181725,0.0026360000483691692,0.002678999910131097,122152251,406.2179870605469,411.2798767089844,383.78289794921875,393.8883056640625,15155684229,13031.201171875,13225.2978515625,12822.3828125,13075.248046875,29461458313
2020-10-27,0.002678999910131097,0.002707999898120761,0.002630000002682209,0.00267699989490211,78927089,393.88818359375,409.7728576660156,390.60845947265625,403.9970397949219,13940434102,13075.2421875,13759.6689453125,13060.837890625,13654.21875,33749878156
2020-10-28,0.00267699989490211,0.0026970000471919775,0.002575000049546361,0.0025949999690055847,72848720,403.9971008300781,408.9647521972656,381.1463317871094,388.6507568359375,15276441134,13654.21484375,13837.6953125,12932.2509765625,13271.28515625,35867318895
2020-10-29,0.0025949999690055847,0.0026229999493807554,0.002518000081181526,0.002581000095233321,58929515,388.65106201171875,393.2276916503906,381.28875732421875,386.7301025390625,12920477749,13271.298828125,13612.0478515625,12980.0595703125,13437.8828125,56499499598
2020-10-30,0.002581000095233321,0.002607000060379505,0.002532999962568283,0.002597999991849065,63444097,386.7302551269531,391.4647216796875,375.0924072265625,382.8199768066406,13688056970,13437.8740234375,13651.5166015625,13136.1982421875,13546.5224609375,30581485201
2020-10-31,0.002597999991849065,0.0026030000299215317,0.002555999904870987,0.0025760000571608543,56189318,382.8200378417969,393.0101318359375,381.2952575683594,386.59033203125,11276963426,13546.5322265625,14028.2138671875,13457.5302734375,13780.9951171875,30306464719
2020-11-01,0.0025760000571608543,0.002589999930933118,0.002560999942943454,0.0025820001028478146,45528682,386.59033203125,397.1161193847656,385.16552734375,396.3581848144531,10475146018,13780.9951171875,13862.033203125,13628.3779296875,13737.109375,24453857900
2020-11-02,0.0025820001028478146,0.0025919999461621046,0.002515000058338046,0.002517000073567033,50142376,396.3559875488281,403.2407531738281,381.01763916015625,383.15673828125,13997574252,13737.0322265625,13808.3232421875,13243.16015625,13550.4892578125,30771455468
2020-11-03,0.002517000073567033,0.002529999939724803,0.002452000044286251,0.0025279999244958162,62871653,383.1560363769531,389.515380859375,371.312744140625,387.6021728515625,12588494762,13550.451171875,13984.9814453125,13325.44140625,13950.30078125,29869951617
2020-11-04,0.0025279999244958162,0.0025579999200999737,0.0024969999212771654,0.002532999962568283,52552651,387.60321044921875,407.6656494140625,377.8276062011719,402.1419982910156,15126077675,13950.48828125,14218.7666015625,13580.4716796875,14133.70703125,35116364962
2020-11-05,0.002532999962568283,0.0026390000712126493,0.002495999913662672,0.002616999903693795,31611963,402.1429443359375,417.52593994140625,397.2458190917969,414.0673522949219,15440711038,14133.7333984375,15706.404296875,14102.0888671875,15579.8486328125,40856321439
2020-11-06,0.002616999903693795,0.0028009999077767134,0.0026080000679939985,0.0027600000612437725,54267546,414.06671142578125,456.20062255859375,412.9822998046875,454.71929931640625,16738305610,15579.7294921875,15903.4375,15226.83984375,15565.880859375,39837841971
2020-11-07,0.0027600000612437725,0.002819000044837594,0.002612000098451972,0.0026710000820457935,44610219,454.7225646972656,465.67547607421875,428.45635986328125,435.713134765625,18873289788,15565.880859375,15737.095703125,14423.203125,14833.75390625,35024953706
2020-11-08,0.0026710000820457935,0.002741999924182892,0.0026579999830573797,0.002710999920964241,22754531,435.71881103515625,457.78045654296875,433.1537780761719,453.5547790527344,11292383601,14833.75390625,15637.3203125,14744.1103515625,15479.5673828125,26632075029
2020-11-09,0.002710999920964241,0.0027860000263899565,0.0026630000211298466,0.0026700000744313,28124348,453.57415771484375,457.349609375,435.16387939453125,444.1630554199219,13704320630,15479.595703125,15785.13671875,14865.529296875,15332.3154296875,34149115566
2020-11-10,0.0026700000744313,0.0028510000556707382,0.0026549999602138996,0.002753000007942319,39633173,444.1663818359375,453.75836181640625,439.6001281738281,449.67962646484375,12090381666,15332.3505859375,15450.3291015625,15124.9599609375,15290.90234375,25574938143
2020-11-11,0.002753000007942319,0.002836999949067831,0.002753000007942319,0.002768999896943569,33138759,449.6796569824219,473.578857421875,449.5249328613281,462.9605407714844,14075403511,15290.9091796875,15916.2607421875,15290.0068359375,15701.33984375,29772374934
2020-11-12,0.002768999896943569,0.0027910000644624233,0.0027469999622553587,0.002778999973088503,24028261,462.95953369140625,467.6778259277344,452.0724182128906,461.0052795410156,12877327234,15701.298828125,16305.00390625,15534.771484375,16276.34375,34175758344
2020-11-13,0.002778999973088503,0.0028359999414533377,0.002776999957859516,0.0028210000600665808,29217750,461.0054931640625,475.2172546386719,457.2982482910156,474.6264343261719,13191505725,16276.4404296875,16463.177734375,15992.15234375,16317.80859375,31599492172
2020-11-14,0.0028210000600665808,0.0028210000600665808,0.0027209999971091747,0.0027729999274015427,30334380,474.6264343261719,475.16143798828125,452.986083984375,460.14984130859375,10312037942,16317.80859375,16317.80859375,15749.193359375,16068.138671875,27481710135
2020-11-15,0.0027729999274015427,0.002812999999150634,0.0027389999013394117,0.0027749999426305294,25131683,460.14990234375,460.99407958984375,440.25433349609375,447.55908203125,10308617165,16068.1396484375,16123.1103515625,15793.5341796875,15955.587890625,23653867583
2020-11-16,0.0027749999426305294,0.0030090000946074724,0.0027570000384002924,0.0028860000893473625,52063283,447.5589904785156,463.8310241699219,445.5016174316406,459.9403076171875,11441239444,15955.5771484375,16816.181640625,15880.7060546875,16716.111328125,31526766675
2020-11-17,0.002908000024035573,0.002976000076159835,0.0028860000893473625,0.0029360000044107437,46631464,464.4066467285156,482.2322082519531,460.776611328125,480.3600769042969,14593057877,16685.69140625,17782.919921875,16564.544921875,17645.40625,39006849170
2020-11-18,0.0029360000044107437,0.0029990000184625387,0.0028550000861287117,0.0029090000316500664,49460064,480.3468322753906,491.9999084472656,465.8309631347656,479.48406982421875,17880199224,17645.19140625,18393.94921875,17352.90625,17804.005859375,49064800278
2020-11-19,0.0029090000316500664,0.002959999954327941,0.002867999952286482,0.002911000046879053,40330643,479.48101806640625,480.1217346191406,465.7042541503906,471.63043212890625,12473929218,17803.861328125,18119.546875,17382.5546875,17817.08984375,36985055355
2020-11-20,0.002911000046879053,0.003011000109836459,0.002908000024035573,0.002983999904245138,57656465,471.6314697265625,513.6103515625,471.6314697265625,509.74456787109375,18629943296,17817.083984375,18773.2265625,17765.794921875,18621.314453125,36992873940
2020-11-21,0.002983999904245138,0.0035490000154823065,0.002983999904245138,0.0035069999285042286,162641694,509.7445983886719,550.2274169921875,504.2377624511719,549.4866333007812,20757099184,18621.31640625,18936.62109375,18444.359375,18642.232421875,39650210707
2020-11-22,0.0035069999285042286,0.003659999929368496,0.00318100000731647,0.0033289999701082706,121660410,549.4866333007812,579.3724975585938,514.5172119140625,558.068115234375,21967049601,18642.232421875,18688.96875,17671.384765625,18370.001953125,41280434226
2020-11-23,0.0033289999701082706,0.003648000070825219,0.0032319999299943447,0.003648000070825219,101561039,558.0595092773438,609.9876098632812,551.2652587890625,608.4540405273438,27272302872,18370.017578125,18711.42578125,18000.796875,18364.12109375,42741112308
2020-11-24,0.003645000047981739,0.0042039998807013035,0.003579000011086464,0.0042039998807013035,266716036,608.5227661132812,621.1734008789062,593.8351440429688,603.8977661132812,23281758100,18365.015625,19348.271484375,18128.65625,19107.46484375,51469565009
2020-11-25,0.00419999985024333,0.004255999810993671,0.003642000025138259,0.0037269999738782644,174459927,603.9020385742188,605.0941772460938,559.67138671875,570.6866455078125,20088492893,19104.41015625,19390.96484375,18581.146484375,18732.12109375,43710357371
2020-11-26,0.0037269999738782644,0.0037930000107735395,0.0029800001066178083,0.0032500000670552254,175520294,570.514892578125,575.6414794921875,485.497314453125,518.8011474609375,31104004592,18729.83984375,18866.28515625,16351.03515625,17150.623046875,61396835737
2020-11-27,0.0032500000670552254,0.0033549999352544546,0.0030930000357329845,0.003275000024586916,92323023,519.1080932617188,530.7771606445312,497.24261474609375,517.4937133789062,16831105703,17153.9140625,17445.0234375,16526.423828125,17108.40234375,38886494645
2020-11-28,0.003275000024586916,0.003470000112429261,0.0032470000442117453,0.0034050000831484795,58033650,517.5973510742188,548.0448608398438,508.1253662109375,538.2297973632812,14770243833,17112.93359375,17853.939453125,16910.65234375,17717.4140625,32601040734
2020-11-29,0.0034050000831484795,0.003530000103637576,0.0033579999580979347,0.003447999944910407,46319972,538.2645874023438,576.6024169921875,531.987548828125,575.758056640625,15017517758,17719.634765625,18283.62890625,17559.1171875,18177.484375,31133957704
2020-11-30,0.003447999944910407,0.0035800000187009573,0.003413999918848276,0.0035510000307112932,68622736,575.757080078125,615.2405395507812,571.5377807617188,614.842529296875,20276867833,18178.322265625,19749.263671875,18178.322265625,19625.8359375,47728480399
2020-12-01,0.0035510000307112932,0.0035719999577850103,0.0032689999788999557,0.003335000015795231,80163603,615.0703125,635.1605834960938,571.7539672851562,587.3241577148438,27178964465,19633.76953125,19845.974609375,18321.921875,18802.998046875,49633658712
2020-12-02,0.003335000015795231,0.0034360000863671303,0.003292999928817153,0.0033740000799298286,58705661,587.2615966796875,604.0224609375,578.7410278320312,598.3523559570312,16883292129,18801.744140625,19308.330078125,18347.71875,19201.091796875,37387697139
2020-12-03,0.003375000087544322,0.0035000001080334187,0.0033519999124109745,0.0034280000254511833,47907032,598.459228515625,622.4526977539062,588.3463745117188,616.708740234375,16146190946,19205.92578125,19566.19140625,18925.78515625,19445.3984375,31930317405
2020-12-04,0.0034290000330656767,0.0034469999372959137,0.0032850001007318497,0.00329799996688962,45062222,616.7227783203125,618.983154296875,569.2835083007812,569.3541870117188,16337589997,19446.966796875,19511.404296875,18697.193359375,18699.765625,33872388058
2020-12-05,0.0032969999592751265,0.003413999918848276,0.0032679999712854624,0.0033970000222325325,43386583,569.34765625,596.595458984375,563.1066284179688,596.595458984375,13498010566,18698.384765625,19160.44921875,18590.193359375,19154.23046875,27242455064
2020-12-06,0.0033970000222325325,0.003441999899223447,0.003343000076711178,0.003387999953702092,40936574,596.5686645507812,606.7919311523438,584.4117431640625,601.9089965820312,11290893016,19154.1796875,19390.5,18897.89453125,19345.12109375,25293775714
2020-12-07,0.003387999953702092,0.0034000000450760126,0.0033199999015778303,0.0033420000690966845,36923814,601.797119140625,602.9179077148438,585.4286499023438,591.8433837890625,10720480962,19343.12890625,19411.828125,18931.142578125,19191.630859375,26896357742
2020-12-08,0.003343000076711178,0.003360999980941415,0.003137999912723899,0.0031789999920874834,52702701,591.9008178710938,594.7515869140625,552.46923828125,554.8277587890625,14398919320,19191.529296875,19283.478515625,18269.9453125,18321.14453125,31692288756
2020-12-09,0.0031789999920874834,0.0031820000149309635,0.0030159999150782824,0.0031580000650137663,45746722,554.7929077148438,577.2883911132812,532.9984130859375,573.4791259765625,15855915840,18320.884765625,18626.29296875,17935.546875,18553.916015625,34420373071
2020-12-10,0.0031580000650137663,0.0031649998854845762,0.003066000062972307,0.0031049998942762613,33740988,573.5040283203125,574.6001586914062,549.7840576171875,559.6785278320312,11672582040,18553.298828125,18553.298828125,17957.064453125,18264.9921875,25547132265
2020-12-11,0.0031049998942762613,0.003109999932348728,0.0030090000946074724,0.0030789999291300774,41712942,559.67919921875,560.376708984375,537.8116455078125,545.79736328125,11098819124,18263.9296875,18268.453125,17619.533203125,18058.904296875,27919640985
2020-12-12,0.0030789999291300774,0.0031840000301599503,0.003074999898672104,0.003163000103086233,35466155,545.5785522460938,573.3394165039062,545.24560546875,568.5673217773438,8534557897,18051.3203125,18919.55078125,18046.041015625,18803.65625,21752580802
2020-12-13,0.0031640001107007265,0.0032740000169724226,0.0031530000269412994,0.0032560001127421856,37464323,568.60986328125,593.78125,564.5659790039062,589.6632080078125,9070377862,18806.765625,19381.53515625,18734.33203125,19142.3828125,25450468637
2020-12-14,0.0032560001127421856,0.0032790000550448895,0.003198999911546707,0.0032309999223798513,36238516,589.782470703125,590.4929809570312,577.118408203125,586.0111694335938,8125837102,19144.4921875,19305.099609375,19012.708984375,19246.64453125,22473997681
2020-12-15,0.003229999914765358,0.0032500000670552254,0.00317799998447299,0.0032059999648481607,37127782,586.0217895507812,596.2477416992188,580.6287841796875,589.3555908203125,9326645840,19246.919921875,19525.0078125,19079.841796875,19417.076171875,26741982541
2020-12-16,0.0032049999572336674,0.003421999979764223,0.003186000045388937,0.003415999934077263,50989880,589.378662109375,636.6403198242188,582.0391235351562,636.1818237304688,15817248373,19418.818359375,21458.908203125,19298.31640625,21310.59765625,44409011479
2020-12-17,0.003415999934077263,0.004112999886274338,0.003406000090762973,0.0037299999967217445,172736659,636.1541748046875,673.834228515625,628.7493896484375,642.8689575195312,25479532147,21308.3515625,23642.66015625,21234.67578125,22805.162109375,71378606374
2020-12-18,0.0037299999967217445,0.003969999961555004,0.0036180000752210617,0.0038580000400543213,101799430,642.9169921875,662.6990966796875,632.3560791015625,654.8119506835938,15756303983,22806.796875,23238.6015625,22399.8125,23137.9609375,40387896275
2020-12-19,0.0038590000476688147,0.004017999861389399,0.003809999907389283,0.003926999866962433,98447179,654.6242065429688,668.7695922851562,646.6162109375,659.2979125976562,12830893778,23132.865234375,24085.85546875,22826.47265625,23869.83203125,38487546580
2020-12-20,0.003926000092178583,0.00467800023034215,0.0038270000368356705,0.004625000059604645,508066004,659.18505859375,659.9237060546875,625.0144653320312,638.2908325195312,13375855442,23861.765625,24209.66015625,23147.7109375,23477.294921875,37844228422
2020-12-21,0.0046270000748336315,0.0054060001857578754,0.004362999927252531,0.004786999896168709,664160057,638.315185546875,646.8465576171875,600.8360595703125,609.81787109375,14419493621,23474.455078125,24059.982421875,22159.3671875,22803.08203125,45852713981
2020-12-22,0.004784000106155872,0.00484299985691905,0.004370000213384628,0.0045079998672008514,239288785,609.4205322265625,635.0765991210938,589.552001953125,634.8541870117188,14745890080,22794.0390625,23789.90234375,22430.60546875,23783.029296875,44171632681
2020-12-23,0.0045079998672008514,0.004734999965876341,0.003640000009909272,0.003768000053241849,205080908,634.8245849609375,637.122802734375,560.3642578125,583.714599609375,15261413038,23781.974609375,24024.490234375,22802.646484375,23241.345703125,51146161904
2020-12-24,0.003768000053241849,0.00457700015977025,0.003696999978274107,0.004569999873638153,143405580,584.1356201171875,613.815185546875,568.5963745117188,611.607177734375,14317413703,23240.203125,23768.337890625,22777.59765625,23735.94921875,41080759713
2020-12-25,0.004569999873638153,0.004612999968230724,0.004395000170916319,0.0045819999650120735,136819917,611.5545654296875,633.0614013671875,605.4244384765625,626.4107055664062,13520927700,23733.5703125,24710.1015625,23463.673828125,24664.791015625,42068395846
2020-12-26,0.004581000190228224,0.004639999940991402,0.004422999918460846,0.004494000226259232,151728507,626.498046875,650.721435546875,617.402099609375,635.8358154296875,14761125202,24677.015625,26718.0703125,24522.689453125,26437.037109375,48332647295
2020-12-27,0.0044929999858140945,0.0048050000332295895,0.004428999964147806,0.004548000171780586,154526399,635.8871459960938,711.3935546875,628.3349609375,682.642333984375,26093552821,26439.373046875,28288.83984375,25922.76953125,26272.294921875,66479895605
2020-12-28,0.004548000171780586,0.0047160000540316105,0.004523000214248896,0.004592000041157007,99641525,683.205810546875,745.8777465820312,683.205810546875,730.3973388671875,24222565862,26280.822265625,27389.111328125,26207.640625,27084.80859375,49056742893
2020-12-29,0.004592000041157007,0.004608000162988901,0.0042779999785125256,0.004486000165343285,90876497,730.3587036132812,737.952880859375,692.1494140625,731.5201416015625,18710683199,27081.810546875,27370.720703125,25987.298828125,27362.4375,45265946774
2020-12-30,0.004486999940127134,0.00470300018787384,0.004453000146895647,0.004635999910533428,94834499,731.4728393554688,754.30322265625,720.9888916015625,751.6189575195312,17294574210,27360.08984375,28937.740234375,27360.08984375,28840.953125,51287442704
2020-12-31,0.004635999910533428,0.004743000026792288,0.0045529999770224094,0.004681999795138836,85498337,751.6266479492188,754.2994384765625,726.5119018554688,737.8034057617188,13926846861,28841.57421875,29244.876953125,28201.9921875,29001.720703125,46754964848
2021-01-01,0.004681000020354986,0.005685000214725733,0.004614999983459711,0.005685000214725733,228961515,737.7083740234375,749.2018432617188,719.792236328125,730.3675537109375,13652004358,28994.009765625,29600.626953125,28803.5859375,29374.15234375,40730301359
2021-01-02,0.0056859999895095825,0.013698000460863113,0.005584000144153833,0.010614999569952488,3421562680,730.4026489257812,786.7984619140625,718.1094970703125,774.5349731445312,19740771179,29376.455078125,33155.1171875,29091.181640625,32127.267578125,67865420765
2021-01-03,0.010602000169456005,0.013867000117897987,0.009409000165760517,0.009770999662578106,2707003608,774.5118408203125,1006.5650024414062,771.5616455078125,975.5076904296875,45200463368,32129.408203125,34608.55859375,32052.31640625,32782.0234375,78665235202
2021-01-04,0.0097850002348423,0.01142099965363741,0.007877999916672707,0.009766999632120132,1372398979,977.058837890625,1153.189208984375,912.3053588867188,1040.2330322265625,56945985763,32810.94921875,33440.21875,28722.755859375,31971.9140625,81163475344
2021-01-05,0.009766999632120132,0.010219000279903412,0.00897200033068657,0.009920000098645687,687256067,1041.498779296875,1129.3714599609375,986.811279296875,1100.006103515625,41535932781,31977.041015625,34437.58984375,30221.1875,33992.4296875,67547324782
2021-01-06,0.009922999888658524,0.010854000225663185,0.009685000404715538,0.010464999824762344,749915516,1101.0050048828125,1209.4285888671875,1064.2333984375,1207.1121826171875,44699914188,34013.61328125,36879.69921875,33514.03515625,36824.36328125,75289433811
2021-01-07,0.010453999973833561,0.010532000102102757,0.009162000380456448,0.00974200014024973,520644706,1208.078369140625,1282.57958984375,1167.443115234375,1225.6781005859375,40468027280,36833.875,40180.3671875,36491.19140625,39371.04296875,84762141031
2021-01-08,0.009743000380694866,0.010285000316798687,0.008985999971628189,0.009846000000834465,394462164,1225.9678955078125,1273.8275146484375,1076.08154296875,1224.1971435546875,44334826666,39381.765625,41946.73828125,36838.63671875,40797.609375,88107519480
2021-01-09,0.009832999669015408,0.010739999823272228,0.009739999659359455,0.010193999856710434,485842353,1223.740478515625,1303.871826171875,1182.2703857421875,1281.0772705078125,33233105361,40788.640625,41436.3515625,38980.875,40254.546875,61984162837
2021-01-10,0.010192999616265297,0.010866999626159668,0.009177000261843204,0.009859999641776085,458583519,1280.87109375,1347.9261474609375,1194.715576171875,1262.2467041015625,40616938053,40254.21875,41420.19140625,35984.62890625,38356.44140625,79980747690
2021-01-11,0.009858000092208385,0.009858000092208385,0.006769999861717224,0.008834999985992908,637956958,1261.6229248046875,1261.6229248046875,924.922607421875,1090.1453857421875,60733630300,38346.53125,38346.53125,30549.599609375,35566.65625,123320567399
2021-01-12,0.008829999715089798,0.009145000018179417,0.007903999648988247,0.008062999695539474,333308457,1088.5267333984375,1149.240234375,1012.76416015625,1043.4345703125,37494601692,35516.359375,36568.52734375,32697.9765625,33922.9609375,74773277909
2021-01-13,0.008062000386416912,0.008646000176668167,0.007786999922245741,0.008616000413894653,240079033,1043.740966796875,1134.3385009765625,994.549072265625,1130.7393798828125,30109792795,33915.12109375,37599.9609375,32584.66796875,37316.359375,69364315979
2021-01-14,0.00861900020390749,0.010029999539256096,0.008348999544978142,0.009397000074386597,428369039,1130.231201171875,1244.1630859375,1093.060791015625,1218.4530029296875,33410915929,37325.109375,39966.40625,36868.5625,39187.328125,63615990033
2021-01-15,0.00938900001347065,0.009796000085771084,0.008460000157356262,0.009368999861180782,398965925,1221.877197265625,1250.505859375,1090.7210693359375,1171.8345947265625,35972039310,39156.70703125,39577.7109375,34659.58984375,36825.3671875,67760757881
2021-01-16,0.009367000311613083,0.009530999697744846,0.009139999747276306,0.009265000000596046,258630480,1171.443115234375,1290.0535888671875,1157.623779296875,1233.53759765625,32319240157,36821.6484375,37864.3671875,35633.5546875,36178.140625,57706187875
2021-01-17,0.009263000451028347,0.009367000311613083,0.008840999566018581,0.009066999889910221,254487989,1233.453369140625,1265.6446533203125,1174.3885498046875,1230.1722412109375,29258032819,36163.6484375,36722.3515625,34069.3203125,35791.27734375,52359854336
2021-01-18,0.009069999679923058,0.00929499976336956,0.008980999700725079,0.009170999750494957,205025648,1230.313232421875,1259.4500732421875,1187.31103515625,1257.279541015625,25817455560,35792.23828125,37299.28515625,34883.84375,36630.07421875,49511702429
2021-01-19,0.009171999990940094,0.009612999856472015,0.009019999764859676,0.009097999893128872,249242632,1257.4345703125,1432.300048828125,1254.52294921875,1377.2958984375,47195935190,36642.234375,37755.890625,36069.8046875,36069.8046875,57244195486
2021-01-20,0.009096000343561172,0.009153000079095364,0.008528999984264374,0.009060000069439411,220205442,1375.2484130859375,1405.744140625,1243.2999267578125,1382.2740478515625,46784030909,36050.11328125,36378.328125,33570.4765625,35547.75,66834573161
2021-01-21,0.00906199961900711,0.009088999591767788,0.008061000145971775,0.008166000247001648,215419839,1382.6844482421875,1382.6844482421875,1098.4761962890625,1121.5709228515625,45932464754,35549.3984375,35552.6796875,30250.75,30825.69921875,75643067688
2021-01-22,0.008165000006556511,0.008768999949097633,0.007654000073671341,0.008523999713361263,185490003,1118.8890380859375,1271.6876220703125,1046.5965576171875,1236.51220703125,43918338506,30817.625,33811.8515625,28953.373046875,33005.76171875,77207272511
2021-01-23,0.00851999968290329,0.008808000013232231,0.00838799960911274,0.008578999899327755,154393737,1235.2679443359375,1272.151123046875,1200.893310546875,1230.9906005859375,27253895441,32985.7578125,33360.9765625,31493.16015625,32067.642578125,48354737975
2021-01-24,0.008577999658882618,0.008950999937951565,0.008515999652445316,0.008727000094950199,162191977,1231.2105712890625,1395.111328125,1225.2740478515625,1391.609375,36418163554,32064.376953125,32944.0078125,31106.685546875,32289.37890625,48643830599
2021-01-25,0.008727000094950199,0.008879000321030617,0.008275999687612057,0.008383000269532204,180820875,1390.639892578125,1467.784912109375,1304.9739990234375,1324.414794921875,43565777745,32285.798828125,34802.7421875,32087.787109375,32366.392578125,59897054838
2021-01-26,0.008382000029087067,0.008456000126898289,0.008022000081837177,0.008255000226199627,161173749,1323.74169921875,1376.0850830078125,1253.34033203125,1357.05810546875,41572917750,32358.61328125,32794.55078125,31030.265625,32569.849609375,60255421470
2021-01-27,0.008255000226199627,0.0082590002566576,0.007294000126421452,0.007482000160962343,204797186,1358.3333740234375,1368.0740966796875,1215.311279296875,1253.1871337890625,39394416990,32564.029296875,32564.029296875,29367.138671875,30432.546875,62576762015
2021-01-28,0.007480999920517206,0.013825999572873116,0.007350999861955643,0.012555000372231007,2125005503,1251.27978515625,1321.613037109375,1226.1739501953125,1298.101806640625,39790481941,30441.041015625,31891.30078125,30023.20703125,31649.60546875,78948162368
2021-01-29,0.043733999133110046,0.07797300070524216,0.03234099969267845,0.047162000089883804,25403310432,1369.0867919921875,1428.981201171875,1292.2401123046875,1382.5228271484375,53611955259,34318.671875,38406.26171875,32064.814453125,34316.38671875,117894572511
2021-01-30,0.04680300131440163,0.049901001155376434,0.022487999871373177,0.028176000341773033,8735576553,1382.23193359375,1402.3997802734375,1328.529052734375,1376.115478515625,30616574234,34295.93359375,34834.70703125,32940.1875,34269.5234375,65141828798
2021-01-31,0.02819100022315979,0.04528899863362312,0.027101999148726463,0.037195999175310135,8548997882,1376.8236083984375,1378.916015625,1288.5015869140625,1314.9862060546875,25198853581,34270.87890625,34288.33203125,32270.17578125,33114.359375,52754542671
2021-02-01,0.037053998559713364,0.04324999824166298,0.03336700052022934,0.03487500175833702,6319224026,1314.855224609375,1373.8458251953125,1274.3577880859375,1369.04052734375,29210670920,33114.578125,34638.21484375,32384.228515625,33537.17578125,61400400660
2021-02-02,0.03491000086069107,0.034926000982522964,0.029194999486207962,0.03152000159025192,3090896595,1369.505126953125,1542.990966796875,1362.771240234375,1515.1937255859375,45437142801,33533.19921875,35896.8828125,33489.21875,35510.2890625,63088585433
2021-02-03,0.03149300068616867,0.03910500183701515,0.03114599920809269,0.03711999952793121,3146856788,1514.7696533203125,1660.9095458984375,1510.01025390625,1660.9095458984375,41874566399,35510.8203125,37480.1875,35443.984375,37472.08984375,61166818159
2021-02-04,0.03722599893808365,0.05786899849772453,0.035944998264312744,0.05328899994492531,13040837601,1661.170166015625,1689.1866455078125,1561.853515625,1594.7626953125,44396871836,37475.10546875,38592.17578125,36317.5,36926.06640625,68838074392
2021-02-05,0.053043000400066376,0.0537399984896183,0.043540000915527344,0.04693499952554703,6136160058,1594.7933349609375,1756.510986328125,1594.7933349609375,1718.65087890625,40108628454,36931.546875,38225.90625,36658.76171875,38144.30859375,58598066402
2021-02-06,0.04693099856376648,0.05830800160765648,0.04490400105714798,0.05759499967098236,5946101275,1717.7974853515625,1738.314453125,1649.0687255859375,1677.8468017578125,39873420648,38138.38671875,40846.546875,38138.38671875,39266.01171875,71326033653
2021-02-07,0.05750200152397156,0.08435700088739395,0.054239001125097275,0.07878199964761734,14261024073,1677.605712890625,1690.03662109375,1501.750244140625,1614.227783203125,39889440151,39250.19140625,39621.8359375,37446.15234375,38903.44140625,65500641143
2021-02-08,0.07835199683904648,0.08494500070810318,0.06470199674367905,0.07882499694824219,12844375210,1613.6422119140625,1770.5908203125,1571.5799560546875,1746.6168212890625,48012285956,38886.828125,46203.9296875,38076.32421875,46196.46484375,101467222687
2021-02-09,0.07877299934625626,0.08312799781560898,0.06562100350856781,0.07006999850273132,7348840814,1746.9261474609375,1815.963623046875,1711.62060546875,1768.0350341796875,44180727529,46184.9921875,48003.72265625,45166.9609375,46481.10546875,91809846886
2021-02-10,0.0701109990477562,0.0810910016298294,0.06852500140666962,0.07289600372314453,6785088422,1768.039794921875,1826.69677734375,1686.5423583984375,1744.243408203125,41916084617,46469.76171875,47145.56640625,43881.15234375,44918.18359375,87301089896
2021-02-11,0.072843998670578,0.07430099695920944,0.06829000264406204,0.0696759968996048,3818556739,1743.7142333984375,1806.5390625,1708.67919921875,1783.7979736328125,36021495262,44898.7109375,48463.46875,44187.76171875,47909.33203125,81388911810
2021-02-12,0.06965000182390213,0.07260999828577042,0.061445001512765884,0.07006900012493134,4190843784,1783.4891357421875,1861.35693359375,1744.1689453125,1843.5325927734375,37905036865,47877.03515625,48745.734375,46424.9765625,47504.8515625,76555041196
2021-02-13,0.0700249969959259,0.07164599746465683,0.0661349967122078,0.06644999980926514,2618049766,1843.98681640625,1871.603515625,1770.612060546875,1814.10986328125,35359490535,47491.203125,48047.74609375,46392.28125,47105.515625,70250456155
2021-02-14,0.06644800305366516,0.06644800305366516,0.05672299861907959,0.06253699958324432,3984667628,1814.372314453125,1848.154052734375,1789.9141845703125,1805.0841064453125,31439114900,47114.5078125,49487.640625,47114.5078125,48717.2890625,71248675228
2021-02-15,0.06256800144910812,0.06392399966716766,0.04854699969291687,0.05659100040793419,4944804938,1804.6767578125,1833.83056640625,1683.9066162109375,1779.791015625,38955610883,48696.53515625,48875.5703125,46347.4765625,47945.05859375,77069903166
2021-02-16,0.056487999856472015,0.05966800078749657,0.0509830005466938,0.05352000147104263,3409478696,1778.945556640625,1824.5186767578125,1729.6419677734375,1781.0675048828125,34269369268,47944.45703125,50341.1015625,47201.3046875,49199.87109375,77049582886
2021-02-17,0.05352199822664261,0.054983001202344894,0.048034001141786575,0.049375999718904495,2976148723,1781.35009765625,1853.6676025390625,1736.705810546875,1848.458251953125,35955412703,49207.27734375,52533.9140625,49072.37890625,52149.0078125,80820545404
2021-02-18,0.04936299845576286,0.061799000948667526,0.04898900166153908,0.0595409981906414,4551943638,1848.206298828125,1949.9034423828125,1848.206298828125,1937.44921875,28255902969,52140.97265625,52474.10546875,51015.765625,51679.796875,52054723579
2021-02-19,0.05943400040268898,0.05949699878692627,0.054315000772476196,0.055139001458883286,2949251418,1938.85986328125,1969.5469970703125,1896.6844482421875,1960.164794921875,26268814253,51675.98046875,56113.65234375,50937.27734375,55888.1328125,63495496918
2021-02-20,0.055132001638412476,0.06028600037097931,0.051628001034259796,0.05438400059938431,3175468554,1959.9029541015625,2036.2864990234375,1830.531494140625,1919.5340576171875,34696091102,55887.3359375,57505.2265625,54626.55859375,56099.51953125,68145460026
2021-02-21,0.0543689988553524,0.058428000658750534,0.05355599895119667,0.055980000644922256,2450293068,1918.673095703125,1974.2596435546875,1890.3681640625,1935.60107421875,23626547717,56068.56640625,58330.5703125,55672.609375,57539.9453125,51897585191
2021-02-22,0.05604400113224983,0.06046599894762039,0.047095999121665955,0.053725000470876694,3366757324,1935.557861328125,1936.4537353515625,1580.6265869140625,1781.992919921875,42409646036,57532.73828125,57533.390625,48967.56640625,54207.3203125,92052420332
2021-02-23,0.05369799956679344,0.05376800149679184,0.042410001158714294,0.04739199951291084,2394345361,1781.4090576171875,1781.4090576171875,1378.8409423828125,1570.2039794921875,52029864713,54204.9296875,54204.9296875,45290.58984375,48824.42578125,106102492824
2021-02-24,0.04741400107741356,0.05987299978733063,0.046215999871492386,0.05655499920248985,4148511571,1571.4764404296875,1710.9837646484375,1511.0189208984375,1626.57568359375,31329000537,48835.0859375,51290.13671875,47213.5,49705.33203125,63695521388
2021-02-25,0.05661499872803688,0.05780800059437752,0.049869000911712646,0.05016700178384781,2356982022,1625.3939208984375,1670.22412109375,1465.0589599609375,1475.7037353515625,24481681873,49709.08203125,51948.96875,47093.8515625,47093.8515625,54506565949
2021-02-26,0.05013800039887428,0.05247199907898903,0.0487079992890358,0.05048000067472458,1694323466,1478.6533203125,1559.0289306640625,1407.979248046875,1446.03369140625,31435997881,47180.46484375,48370.78515625,44454.84375,46339.76171875,350967941479
2021-02-27,0.05050000175833702,0.051920000463724136,0.04929700121283531,0.05008300021290779,1286229526,1446.929443359375,1524.932373046875,1433.7869873046875,1459.97314453125,20742103233,46344.7734375,48253.26953125,45269.02734375,46188.453125,45910946382
2021-02-28,0.05009699985384941,0.050133999437093735,0.04508800059556961,0.04805200174450874,1408101260,1459.8604736328125,1468.3914794921875,1300.47216796875,1416.0489501953125,27637026080,46194.015625,46716.4296875,43241.6171875,45137.76953125,53443887451
2021-03-01,0.04806999862194061,0.051479000598192215,0.04802900180220604,0.050599001348018646,1494427207,1417.151123046875,1567.694580078125,1416.4161376953125,1564.7076416015625,24032838645,45159.50390625,49784.015625,45115.09375,49631.2421875,53891300112
2021-03-02,0.050595998764038086,0.05238199979066849,0.049299001693725586,0.050262000411748886,1346282318,1564.0634765625,1597.610107421875,1461.325439453125,1492.6087646484375,22523669722,49612.10546875,50127.51171875,47228.84375,48378.98828125,47530897720
2021-03-03,0.05027800053358078,0.05212600156664848,0.050078000873327255,0.050592001527547836,1093877445,1491.451171875,1650.360595703125,1481.90576171875,1575.8531494140625,22674780680,48415.81640625,52535.13671875,48274.3203125,50538.2421875,53220811975
2021-03-04,0.050586998462677,0.05108699947595596,0.04787899926304817,0.05004800111055374,1170617084,1574.623779296875,1622.953857421875,1511.1033935546875,1541.914306640625,22906118718,50522.3046875,51735.08984375,47656.9296875,48561.16796875,52343816680
2021-03-05,0.0500280000269413,0.05085400119423866,0.04814700037240982,0.049609001725912094,1173113591,1541.541748046875,1547.878173828125,1450.891357421875,1533.2750244140625,21067146937,48527.03125,49396.4296875,46542.515625,48927.3046875,48625928883
2021-03-06,0.049600999802351,0.052397001534700394,0.049382999539375305,0.05098399892449379,1480482384,1532.372802734375,1669.1065673828125,1519.14111328125,1654.7415771484375,22746262366,48899.23046875,49147.21875,47257.52734375,48912.3828125,34363564661
2021-03-07,0.05098000168800354,0.05214099958539009,0.050572000443935394,0.052122000604867935,945455832,1655.3924560546875,1730.9241943359375,1636.564453125,1723.15380859375,23809935410,48918.6796875,51384.3671875,48918.6796875,51206.69140625,43137459378
2021-03-08,0.05212299898266792,0.061948999762535095,0.05167200043797493,0.061948999762535095,3554150800,1724.229248046875,1835.192138671875,1670.9420166015625,1834.7279052734375,27630991158,51174.1171875,52314.0703125,49506.0546875,52246.5234375,48597428048
2021-03-09,0.0621040016412735,0.06226800009608269,0.05605100095272064,0.05799800157546997,2466159943,1835.1480712890625,1868.048828125,1804.266357421875,1868.048828125,23461244507,52272.96875,54824.1171875,51981.83203125,54824.1171875,50912227385
2021-03-10,0.05796400085091591,0.05861600115895271,0.05469200015068054,0.05600399896502495,1534489620,1868.489013671875,1873.80322265625,1766.490478515625,1799.166259765625,25154173185,54824.01171875,57258.25390625,53290.890625,56008.55078125,57295577614
2021-03-11,0.055977001786231995,0.05669799819588661,0.05450199916958809,0.055918000638484955,1233383425,1798.033935546875,1843.81884765625,1734.6170654296875,1826.1949462890625,24013132909,55963.1796875,58091.0625,54484.59375,57805.12109375,56772343595
2021-03-12,0.05592099949717522,0.05697999894618988,0.05451299995183945,0.05534899979829788,1287767221,1826.5467529296875,1839.497314453125,1728.98095703125,1772.1024169921875,22435821312,57821.21875,57996.62109375,55376.6484375,57332.08984375,55689944702
2021-03-13,0.05535300076007843,0.062431998550891876,0.05475600063800812,0.062431998550891876,1869833076,1772.1663818359375,1937.6455078125,1733.639892578125,1924.6854248046875,25014689475,57343.37109375,61683.86328125,56217.97265625,61243.0859375,60669829814
2021-03-14,0.062383998185396194,0.06305199861526489,0.05859199911355972,0.05859199911355972,2752132530,1923.86376953125,1930.77978515625,1845.1199951171875,1854.5643310546875,19344589211,61221.1328125,61597.91796875,59302.31640625,59302.31640625,43901225564
2021-03-15,0.05853100121021271,0.059689000248909,0.05514099821448326,0.05708799883723259,1738710876,1854.086669921875,1889.1966552734375,1749.6063232421875,1791.7022705078125,26244738810,59267.4296875,60540.9921875,55393.1640625,55907.19921875,66419369890
2021-03-16,0.057085998356342316,0.058921001851558685,0.05549300089478493,0.05860700085759163,1393771913,1792.413818359375,1817.0601806640625,1720.05322265625,1806.9718017578125,23828509590,55840.78515625,56833.1796875,53555.02734375,56804.90234375,59749798599
2021-03-17,0.05860999971628189,0.058866001665592194,0.056471001356840134,0.057652998715639114,861926643,1807.05615234375,1839.8189697265625,1749.179931640625,1823.4493408203125,24512917348,56825.828125,58969.81640625,54528.62890625,58870.89453125,60258313191
2021-03-18,0.05764000117778778,0.058827999979257584,0.05414300039410591,0.05738300085067749,909777445,1823.158447265625,1848.6461181640625,1705.716064453125,1782.8551025390625,23263845504,58893.078125,60116.25,54253.578125,57858.921875,55746041000
2021-03-19,0.05737699940800667,0.059721000492572784,0.05660400167107582,0.05832799896597862,964747809,1782.5687255859375,1841.196044921875,1746.473388671875,1817.6241455078125,21249297710,57850.44140625,59498.375,56643.703125,58346.65234375,49063873786
2021-03-20,0.05831500142812729,0.06063900142908096,0.0581200011074543,0.05896100029349327,1012934488,1817.522705078125,1874.708984375,1811.7286376953125,1812.6346435546875,22677674970,58332.26171875,60031.28515625,58213.296875,58313.64453125,50361731222
2021-03-21,0.058970000594854355,0.05952100083231926,0.056797999888658524,0.05723400041460991,759592996,1812.6065673828125,1823.35302734375,1764.1392822265625,1788.217041015625,22977404620,58309.9140625,58767.8984375,56005.6171875,57523.421875,51943414539
2021-03-22,0.05725900083780289,0.057732000946998596,0.05490899831056595,0.054962001740932465,696918565,1788.3621826171875,1811.96826171875,1674.2998046875,1691.333984375,23599296129,57517.890625,58471.48046875,54288.15625,54529.14453125,56521454974
2021-03-23,0.054940998554229736,0.056081000715494156,0.0529399998486042,0.05355599895119667,1040781777,1690.871826171875,1725.1087646484375,1662.5399169921875,1678.650146484375,21998237965,54511.66015625,55985.44140625,53470.6953125,54738.9453125,56435023914
2021-03-24,0.05352799966931343,0.05649400129914284,0.051242001354694366,0.051702000200748444,934537959,1678.0025634765625,1740.42822265625,1570.7879638671875,1593.4134521484375,31228051473,54710.48828125,57262.3828125,52514.33203125,52774.265625,70567223787
2021-03-25,0.05169900134205818,0.052407000213861465,0.04969700053334236,0.051447998732328415,1084214116,1593.123291015625,1625.9114990234375,1560.3704833984375,1595.3592529296875,29650328701,52726.74609375,53392.38671875,50856.5703125,51704.16015625,67999812841
2021-03-26,0.05143300071358681,0.05402800068259239,0.05133099853992462,0.05395200103521347,776280028,1595.2100830078125,1702.9228515625,1594.7366943359375,1702.842041015625,22548516548,51683.01171875,55137.3125,51579.85546875,55137.3125,56652197978
2021-03-27,0.053939998149871826,0.055435001850128174,0.05352799966931343,0.0543770007789135,753844053,1703.0361328125,1732.8243408203125,1674.3193359375,1716.49462890625,18102277710,55137.56640625,56568.21484375,54242.91015625,55973.51171875,47266542233
2021-03-28,0.054381001740694046,0.05475199967622757,0.05301300063729286,0.05369799956679344,460472975,1716.4056396484375,1728.5841064453125,1672.660400390625,1691.35595703125,16599472938,55974.94140625,56610.3125,55071.11328125,55950.74609375,47686580918
2021-03-29,0.053677998483181,0.05465099960565567,0.05317499861121178,0.054051999002695084,537919140,1691.26318359375,1837.18798828125,1683.716552734375,1819.6849365234375,22796570548,55947.8984375,58342.09765625,55139.33984375,57750.19921875,57625587027
2021-03-30,0.054051999002695084,0.05543399974703789,0.053697001188993454,0.05389999970793724,728906171,1819.46630859375,1860.9747314453125,1793.92236328125,1846.03369140625,22512781703,57750.1328125,59447.22265625,57251.55078125,58917.69140625,54414116432
2021-03-31,0.053902000188827515,0.05446799844503403,0.05226900056004524,0.05365699902176857,653389282,1846.0982666015625,1947.8377685546875,1793.002197265625,1918.362060546875,30226902621,58930.27734375,59930.02734375,57726.41796875,58918.83203125,65520826225
2021-04-01,0.053654998540878296,0.0701109990477562,0.053644001483917236,0.06198599934577942,5816046822,1919.1572265625,1989.0550537109375,1912.178466796875,1977.27685546875,30914259795,58926.5625,59586.0703125,58505.27734375,59095.80859375,61669163792
2021-04-02,0.06196799874305725,0.06224900111556053,0.057333000004291534,0.05766399949789047,2166925111,1976.9327392578125,2152.451904296875,1960.6787109375,2143.2255859375,34862511022,59098.87890625,60267.1875,58869.28125,59384.3125,58727860620
2021-04-03,0.05765800178050995,0.059484001249074936,0.05580399930477142,0.05580399930477142,1136931403,2142.89599609375,2144.96240234375,2028.4224853515625,2028.4224853515625,32011518871,59397.41015625,60110.26953125,57603.890625,57603.890625,59641344484
2021-04-04,0.055776000022888184,0.05810699984431267,0.05529500171542168,0.05740400031208992,938035097,2027.6712646484375,2110.353515625,2007.11181640625,2093.122802734375,26006501902,57604.83984375,58913.74609375,57168.67578125,58758.5546875,50749662970
2021-04-05,0.05741100013256073,0.06015300005674362,0.0564350001513958,0.059696000069379807,1513832721,2093.2607421875,2140.9853515625,2032.3876953125,2107.88720703125,28889391170,58760.875,59891.296875,57694.82421875,59057.87890625,60706272115
2021-04-06,0.059689000248909,0.06504999846220016,0.058093998581171036,0.06445799767971039,2608613912,2109.4931640625,2151.223388671875,2057.609130859375,2118.37890625,29222865881,59171.93359375,59479.578125,57646.80859375,58192.359375,66058027988
2021-04-07,0.06445399671792984,0.0672990009188652,0.05764099955558777,0.05902799963951111,2857060849,2117.728515625,2133.1875,1945.442138671875,1971.0772705078125,36116271935,58186.5078125,58731.14453125,55604.0234375,56048.9375,75645303584
2021-04-08,0.059036001563072205,0.06174499914050102,0.058816999197006226,0.06146400049328804,1055257541,1969.1331787109375,2091.516357421875,1959.0794677734375,2088.57373046875,25312956529,56099.9140625,58338.73828125,55879.0859375,58323.953125,53053855641
2021-04-09,0.061462998390197754,0.06391000002622604,0.06029599905014038,0.06168400123715401,1060465774,2088.772216796875,2102.873779296875,2055.163330078125,2072.10888671875,19812472092,58326.5625,58937.046875,57807.86328125,58245.00390625,46655208546
2021-04-10,0.061590999364852905,0.06506799906492233,0.06081800162792206,0.06384500116109848,1369793118,2071.111572265625,2196.996337890625,2062.78759765625,2135.942138671875,24986243611,58253.77734375,61276.6640625,58038.70703125,59793.234375,58238470525
2021-04-11,0.06374900043010712,0.0792429968714714,0.06320299953222275,0.07464899867773056,6646627317,2136.156982421875,2165.19140625,2119.86572265625,2157.656982421875,19692836132,59846.23046875,60790.5546875,59289.796875,60204.96484375,46280252580
2021-04-12,0.07454399764537811,0.07498600333929062,0.06888899952173233,0.07076700031757355,2687720380,2157.36181640625,2199.71875,2110.368896484375,2139.353271484375,21727936609,60175.9453125,61253.03515625,59589.875,59893.453125,51828688519
2021-04-13,0.07067800313234329,0.09518100321292877,0.07067800313234329,0.09344500303268433,7176815090,2139.3642578125,2318.42333984375,2138.5595703125,2299.187744140625,29456642939,59890.01953125,63742.28515625,59869.95703125,63503.45703125,69983454362
2021-04-14,0.09425599873065948,0.14250999689102173,0.09245199710130692,0.12151700258255005,20977679327,2299.347900390625,2449.6875,2284.563720703125,2435.10498046875,35592822986,63523.75390625,64863.09765625,61554.796875,63109.6953125,77451779687
2021-04-15,0.12116699665784836,0.18732599914073944,0.1207360029220581,0.18220700323581696,17916620386,2436.03466796875,2544.267333984375,2409.924072265625,2519.1162109375,32325606817,63075.1953125,63821.671875,62208.96484375,63314.01171875,60954381579
2021-04-16,0.18158699572086334,0.4377000033855438,0.1804880052804947,0.36586999893188477,69410680685,2516.601806640625,2547.5556640625,2318.675048828125,2431.946533203125,36196928256,63258.50390625,63594.72265625,60222.53125,61572.7890625,84293007468
2021-04-17,0.36609798669815063,0.3744550049304962,0.23652400076389313,0.28417301177978516,31413404067,2429.98095703125,2497.38525390625,2333.682861328125,2344.89501953125,32349808978,61529.921875,62572.17578125,60361.3515625,60683.8203125,66138759198
2021-04-18,0.28510499000549316,0.349918007850647,0.24643999338150024,0.3204750120639801,23464350388,2346.452392578125,2365.46044921875,2011.766845703125,2237.136962890625,50696368718,60701.88671875,61057.45703125,52829.53515625,56216.18359375,97468872758
2021-04-19,0.320466011762619,0.431751012802124,0.30908000469207764,0.40731799602508545,30641432779,2238.03271484375,2276.77685546875,2086.688720703125,2166.188720703125,34060654971,56191.5859375,57520.0546875,54368.59375,55724.265625,65344865159
2021-04-20,0.40843498706817627,0.4223470091819763,0.2716180086135864,0.31949999928474426,28130646191,2161.939453125,2345.8349609375,2060.143798828125,2330.2109375,39433483315,55681.79296875,57062.1484375,53448.046875,56473.03125,67849323955
2021-04-21,0.31695300340652466,0.3469659984111786,0.29703599214553833,0.3069249987602234,12723463706,2331.16015625,2467.20068359375,2238.366943359375,2364.751708984375,38899067643,56471.12890625,56757.97265625,53695.46875,53906.08984375,54926612466
2021-04-22,0.3059900104999542,0.3087570071220398,0.25627601146698,0.2609669864177704,11879823706,2357.87109375,2641.094970703125,2315.960205078125,2403.53515625,53575904724,53857.10546875,55410.23046875,50583.8125,51762.2734375,74798630778
2021-04-23,0.26102301478385925,0.26837798953056335,0.16366900503635406,0.2485090047121048,16165566164,2401.25634765625,2439.537109375,2117.03955078125,2363.586181640625,55413933925,51739.80859375,52120.79296875,47714.6640625,51093.65234375,86668667320
2021-04-24,0.24954399466514587,0.2893899977207184,0.22989100217819214,0.27021199464797974,11057578568,2367.19921875,2367.740966796875,2163.693115234375,2211.625732421875,31854226936,51143.2265625,51167.5625,48805.28515625,50050.8671875,49014494781
2021-04-25,0.2697890102863312,0.28877100348472595,0.22630099952220917,0.2511110007762909,6849914675,2214.413818359375,2354.086669921875,2172.51513671875,2316.0595703125,31814355546,50052.83203125,50506.01953125,47159.484375,49004.25390625,46117114240
2021-04-26,0.25123998522758484,0.28045201301574707,0.24802599847316742,0.2706739902496338,5118886527,2319.47802734375,2536.33740234375,2308.315185546875,2534.481689453125,35208325408,49077.79296875,54288.00390625,48852.796875,54021.75390625,58284039825
2021-04-27,0.2714270055294037,0.2796289920806885,0.26492801308631897,0.2721880078315735,3590611310,2534.03125,2676.392822265625,2485.375,2662.865234375,32275969215,54030.3046875,55416.96484375,53319.1875,55033.1171875,49448222757
2021-04-28,0.2722730040550232,0.34466201066970825,0.25623100996017456,0.3236820101737976,14464343767,2664.685546875,2757.477294921875,2564.08154296875,2746.380126953125,34269031076,55036.63671875,56227.20703125,53887.91796875,54824.703125,48000572955
2021-04-29,0.3232319951057434,0.32388100028038025,0.2969039976596832,0.3051689863204956,5027354503,2748.649658203125,2797.972412109375,2672.106689453125,2756.876953125,32578127990,54858.08984375,55115.84375,52418.02734375,53555.109375,46088929780
2021-04-30,0.3047020137310028,0.3397569954395294,0.3029809892177582,0.3375610113143921,5290390982,2757.734130859375,2796.054931640625,2728.169921875,2773.20703125,29777179889,53568.6640625,57900.71875,53129.6015625,57750.17578125,52395931985
2021-05-01,0.3375590145587921,0.3971349895000458,0.3282899856567383,0.3929870128631592,10123343703,2772.83837890625,2951.44091796875,2755.908447265625,2945.892822265625,28726205272,57714.6640625,58448.33984375,57052.2734375,57828.05078125,42836427360
2021-05-02,0.39108699560165405,0.4000290036201477,0.364874005317688,0.37604600191116333,8040406918,2945.56005859375,2984.891845703125,2860.526123046875,2952.05615234375,28032013047,57825.86328125,57902.59375,56141.90625,56631.078125,38177405335
2021-05-03,0.37363100051879883,0.4455670118331909,0.37363100051879883,0.44170698523521423,10526649978,2951.17578125,3450.037841796875,2951.17578125,3431.086181640625,49174290212,56620.2734375,58973.30859375,56590.87109375,57200.29296875,51713139031
2021-05-04,0.4402740001678467,0.6059979796409607,0.4007999897003174,0.5413339734077454,38238126181,3431.131591796875,3523.5859375,3180.74267578125,3253.62939453125,62402045158,57214.1796875,57214.1796875,53191.42578125,53333.5390625,68564706967
2021-05-05,0.5373550057411194,0.6952620148658752,0.523822009563446,0.6576330065727234,42525098292,3240.5546875,3541.462646484375,3213.1015625,3522.783203125,48334198383,53252.1640625,57911.36328125,52969.0546875,57424.0078125,69241316747
2021-05-06,0.6528419852256775,0.6636160016059875,0.5451020002365112,0.5808039903640747,18989900291,3524.930908203125,3598.89599609375,3386.239990234375,3490.88037109375,44300394788,57441.30859375,58363.31640625,55382.5078125,56396.515625,69523285106
2021-05-07,0.5811100006103516,0.7319719791412354,0.5201740264892578,0.684777021408081,28615083657,3490.105224609375,3573.2900390625,3370.261962890625,3484.72900390625,39607240515,56413.953125,58606.6328125,55321.84765625,57356.40234375,68434023376
2021-05-08,0.6878010034561157,0.7375670075416565,0.6081680059432983,0.6364390254020691,25555125135,3481.988037109375,3950.1650390625,3453.7685546875,3902.647705078125,50208491286,57352.765625,59464.61328125,56975.2109375,58803.77734375,65382980634
2021-05-09,0.6358199715614319,0.6976249814033508,0.42570599913597107,0.5700700283050537,46138063928,3911.463134765625,3981.259033203125,3743.989013671875,3928.8447265625,50568290278,58877.390625,59210.8828125,56482.00390625,58232.31640625,65906690347
2021-05-10,0.569687008857727,0.569687008857727,0.4212909936904907,0.4499639868736267,16514521828,3924.413330078125,4197.47314453125,3684.45166015625,3952.2939453125,62691789007,58250.87109375,59519.35546875,54071.45703125,55859.796875,71776546298
2021-05-11,0.45048800110816956,0.5466510057449341,0.445033997297287,0.4952310025691986,14566975476,3948.27197265625,4178.208984375,3783.889404296875,4168.701171875,52679737865,55847.2421875,56872.54296875,54608.65234375,56704.57421875,61308396325
2021-05-12,0.4937419891357422,0.5199750065803528,0.3853760063648224,0.3853760063648224,8621337859,4174.6357421875,4362.3505859375,3785.8486328125,3785.8486328125,69023382175,56714.53125,57939.36328125,49150.53515625,49150.53515625,75215403907
2021-05-13,0.3921760022640228,0.5194609761238098,0.35717499256134033,0.49037399888038635,18663174069,3828.91845703125,4032.5634765625,3549.4072265625,3715.1484375,78398214539,49735.43359375,51330.84375,46980.01953125,49716.19140625,96721152926
2021-05-14,0.4870699942111969,0.5896900296211243,0.46462199091911316,0.5596039891242981,20466177002,3720.122314453125,4171.01708984375,3703.39990234375,4079.057373046875,48174271215,49682.98046875,51438.1171875,48868.578125,49880.53515625,55737497453
2021-05-15,0.5596680045127869,0.5626760125160217,0.49129900336265564,0.507972002029419,9836892944,4075.95166015625,4129.185546875,3638.1220703125,3638.1220703125,42422321751,49855.49609375,50639.6640625,46664.140625,46760.1875,59161047474
2021-05-16,0.5079100131988525,0.5481449961662292,0.45102301239967346,0.5148950219154358,9541552064,3641.830810546875,3878.89599609375,3350.95166015625,3587.506103515625,47359478734,46716.63671875,49720.04296875,43963.3515625,46456.05859375,64047871555
2021-05-17,0.5134130120277405,0.5152209997177124,0.45855098962783813,0.4878920018672943,7330830504,3581.343017578125,3587.765625,3129.0087890625,3282.397705078125,54061732774,46415.8984375,46623.55859375,42207.2890625,43537.51171875,74903638450
2021-05-18,0.486954003572464,0.5155990123748779,0.47038400173187256,0.47611498832702637,4802902841,3276.872314453125,3562.465087890625,3246.404052734375,3380.070068359375,40416525218,43488.05859375,45812.45703125,42367.83203125,42909.40234375,56187365084
2021-05-19,0.47643500566482544,0.6847350001335144,0.21826699376106262,0.33312299847602844,15072620946,3382.6572265625,3437.935791015625,1952.460205078125,2460.67919921875,84482912776,42944.9765625,43546.1171875,30681.49609375,37002.44140625,126358098747
2021-05-20,0.3302519917488098,0.43319201469421387,0.2962529957294464,0.400193989276886,12415484460,2439.638671875,2993.145263671875,2170.22900390625,2784.294189453125,67610826680,36753.66796875,42462.984375,35050.6171875,40782.73828125,88281943359
2021-05-21,0.39812400937080383,0.4119749963283539,0.314765989780426,0.3593820035457611,7452862203,2772.34130859375,2938.205078125,2113.34716796875,2430.621337890625,53774070802,40596.94921875,42172.171875,33616.453125,37304.69140625,82051616861
2021-05-22,0.3587169945240021,0.3605169951915741,0.3181689977645874,0.34237098693847656,5243222352,2436.0146484375,2483.983154296875,2168.124267578125,2295.70556640625,42089937660,37371.03125,38831.0546875,35383.68359375,37536.6328125,57377273240
2021-05-23,0.342521995306015,0.3508630096912384,0.24943700432777405,0.30807098746299744,7143545371,2298.3671875,2384.41162109375,1737.46875,2109.579833984375,56005721977,37531.44921875,38289.21875,31227.33984375,34770.58203125,78469274361
2021-05-24,0.3067150115966797,0.37148499488830566,0.2962909936904907,0.3661620020866394,6821088755,2099.93603515625,2672.595703125,2090.6396484375,2643.591064453125,53697121740,34700.36328125,39835.140625,34551.08203125,38705.98046875,67359584098
2021-05-25,0.36604100465774536,0.3800100088119507,0.3234969973564148,0.34630200266838074,5544552739,2649.033203125,2750.534912109375,2394.35546875,2706.62890625,49558333256,38795.78125,39776.3515625,36581.4296875,38402.22265625,56211915803
2021-05-26,0.34639599919319153,0.3659200072288513,0.3388569951057434,0.35369300842285156,3355793260,2707.052734375,2911.735595703125,2652.094482421875,2888.69873046875,42499766020,38392.625,40782.078125,37905.8359375,39294.19921875,51346735160
2021-05-27,0.35346299409866333,0.35346299409866333,0.32814401388168335,0.33294498920440674,2485942309,2888.75244140625,2888.75244140625,2642.60791015625,2736.488525390625,33373635283,39316.890625,40379.6171875,37247.90234375,38436.96875,43210968721
2021-05-28,0.33365100622177124,0.34787899255752563,0.3015179932117462,0.3112049996852875,3289455640,2742.468994140625,2761.36328125,2336.361328125,2419.90625,39999114805,38507.08203125,38856.96875,34779.0390625,35697.60546875,55200191952
2021-05-29,0.3113979995250702,0.317918986082077,0.2817929983139038,0.3031100034713745,2470710737,2414.067138671875,2566.9384765625,2208.490966796875,2279.51416015625,33773720220,35684.15625,37234.5,33693.9296875,34616.06640625,45231013335
2021-05-30,0.3029690086841583,0.3103240132331848,0.2876800000667572,0.3022240102291107,1929947933,2278.288818359375,2472.187744140625,2188.83447265625,2390.305419921875,25876619428,34607.40625,36400.66796875,33520.73828125,35678.12890625,31646080921
2021-05-31,0.30194899439811707,0.3291630148887634,0.29433000087738037,0.3258099853992462,2440829325,2387.198486328125,2715.85498046875,2279.505126953125,2714.9453125,31007383150,35658.59375,37468.25,34241.9453125,37332.85546875,39009847639
2021-06-01,0.32574400305747986,0.38307899236679077,0.3123599886894226,0.3700770139694214,5796031087,2707.560546875,2739.737548828125,2531.16064453125,2633.518310546875,27363223090,37293.79296875,37896.734375,35787.0859375,36684.92578125,34639423297
2021-06-02,0.3703019917011261,0.4445900022983551,0.3525879979133606,0.4233739972114563,11425588479,2634.4560546875,2801.392333984375,2555.4013671875,2706.125,27723267359,36699.921875,38231.33984375,35966.30859375,37575.1796875,33070867190
2021-06-03,0.4237389862537384,0.440762996673584,0.37881898880004883,0.39996299147605896,6809900030,2708.376220703125,2891.2548828125,2667.684326171875,2855.12646484375,30038207402,37599.41015625,39478.953125,37243.97265625,39208.765625,35460750427
2021-06-04,0.40098199248313904,0.40098199248313904,0.35144200921058655,0.37632301449775696,5889983048,2857.16552734375,2857.16552734375,2562.637451171875,2688.195068359375,34173841611,39242.484375,39242.484375,35717.72265625,36894.40625,41831090187
2021-06-05,0.37675198912620544,0.393885999917984,0.36048799753189087,0.37217700481414795,3464039041,2691.619384765625,2817.48486328125,2558.233642578125,2630.576904296875,30496672724,36880.15625,37917.71484375,34900.4140625,35551.95703125,35959473399
2021-06-06,0.3716759979724884,0.37679800391197205,0.36725398898124695,0.3718070089817047,1836611411,2629.748779296875,2743.441162109375,2616.162353515625,2715.0927734375,25311639414,35538.609375,36436.421875,35304.578125,35862.37890625,28913440585
2021-06-07,0.3715659976005554,0.37967801094055176,0.32980599999427795,0.33105000853538513,3043974994,2713.04736328125,2845.18505859375,2583.9951171875,2590.26318359375,30600111277,35835.265625,36790.5703125,33480.640625,33560.70703125,33683936663
2021-06-08,0.331822007894516,0.3414349853992462,0.29666000604629517,0.32768699526786804,3918487504,2594.602294921875,2620.84619140625,2315.546630859375,2517.438720703125,41909736778,33589.51953125,34017.38671875,31114.443359375,33472.6328125,49902050442
2021-06-09,0.3264229893684387,0.3537620007991791,0.3131310045719147,0.3433310091495514,3154332929,2510.19921875,2625.070556640625,2412.19775390625,2608.26708984375,36075832186,33416.9765625,37537.37109375,32475.865234375,37345.12109375,53972919008
2021-06-10,0.3433389961719513,0.34452900290489197,0.32327800989151,0.32635098695755005,2114010549,2611.142578125,2619.957763671875,2435.401611328125,2471.5185546875,28753626390,37389.515625,38334.32421875,35847.59375,36702.59765625,43576032854
2021-06-11,0.32636401057243347,0.33322298526763916,0.31150200963020325,0.3193590044975281,1834446577,2472.85888671875,2495.414794921875,2326.86962890625,2353.768798828125,24832564195,36697.03125,37608.6953125,36044.44921875,37334.3984375,38699736985
2021-06-12,0.3188929855823517,0.3193320035934448,0.3018040060997009,0.31208398938179016,1605633791,2354.752197265625,2447.227783203125,2265.758056640625,2372.484375,25724364410,37340.14453125,37408.92578125,34728.19140625,35552.515625,37924228550
2021-06-13,0.312485009431839,0.3300260007381439,0.30789199471473694,0.3243820071220398,1484851447,2372.690185546875,2547.367919921875,2312.64013671875,2508.3916015625,27092945370,35555.7890625,39322.78125,34864.109375,39097.859375,40669112838
2021-06-14,0.32390299439430237,0.33692699670791626,0.3200869858264923,0.3320850133895874,1613812023,2508.7705078125,2606.432861328125,2469.38818359375,2537.89111328125,26964576331,39016.96875,40978.36328125,38757.28515625,40218.4765625,43148914673
2021-06-15,0.32678499817848206,0.3304949998855591,0.31697601079940796,0.3283810019493103,1687965230,2587.7626953125,2639.229248046875,2515.153076171875,2610.936767578125,29005279219,40427.16796875,41295.26953125,39609.46875,40406.26953125,46420149185
2021-06-16,0.32037800550460815,0.3213930130004883,0.3054850101470947,0.307761013507843,1391720788,2544.86474609375,2554.62890625,2354.3505859375,2367.66357421875,24101926180,40168.69140625,40516.77734375,38176.03515625,38347.0625,39211635100
2021-06-17,0.3077490031719208,0.31401100754737854,0.30331599712371826,0.3064959943294525,1120766442,2367.306396484375,2457.175537109375,2312.301513671875,2372.001953125,21871633186,38341.421875,39513.671875,37439.67578125,38053.50390625,37096670047
2021-06-18,0.3064279854297638,0.30775201320648193,0.2804810106754303,0.2934719920158386,1846213589,2374.5869140625,2377.195068359375,2147.308349609375,2231.733154296875,22752818388,38099.4765625,38187.26171875,35255.85546875,35787.24609375,36200887275
2021-06-19,0.29364898800849915,0.29780301451683044,0.2861889898777008,0.2873559892177582,1003248258,2235.1591796875,2278.4150390625,2168.885009765625,2178.4990234375,18765854896,35854.52734375,36457.796875,34933.0625,35615.87109375,31207279719
2021-06-20,0.28639400005340576,0.28972700238227844,0.2564670145511627,0.2809000015258789,1963503800,2171.337890625,2275.3828125,2049.962646484375,2246.364501953125,22535930423,35563.140625,36059.484375,33432.07421875,35698.296875,36664034054
2021-06-21,0.2806600034236908,0.28088900446891785,0.16649100184440613,0.17869099974632263,5640232167,2245.31787109375,2259.464111328125,1867.1854248046875,1888.447509765625,33745173825,35641.14453125,35721.640625,31295.935546875,31676.693359375,52809038594
2021-06-22,0.17868199944496155,0.21612200140953064,0.16465400159358978,0.19103099405765533,5992850344,1886.6676025390625,1993.1597900390625,1707.6005859375,1874.9500732421875,35547251725,31622.376953125,33292.453125,28893.62109375,32505.66015625,58964353058
2021-06-23,0.19067099690437317,0.24710999429225922,0.18097899854183197,0.23217399418354034,5098674891,1878.625,2043.5303955078125,1827.571533203125,1989.736328125,28408659206,32515.71484375,34753.41015625,31772.6328125,33723.02734375,46317108925
2021-06-24,0.23497000336647034,0.26868999004364014,0.22252699732780457,0.2627820074558258,3844648059,1968.9573974609375,2032.33935546875,1887.4320068359375,1988.456298828125,20272845769,33682.80078125,35228.8515625,32385.21484375,34662.4375,33123368116
2021-06-25,0.263480007648468,0.28914499282836914,0.23000599443912506,0.23915299773216248,5542163262,1989.2158203125,2017.759521484375,1794.400390625,1813.21728515625,22774334998,34659.10546875,35487.24609375,31350.884765625,31637.779296875,40230904226
2021-06-26,0.23767299950122833,0.2551270127296448,0.23097200691699982,0.24478399753570557,2649457302,1810.88427734375,1850.1798095703125,1719.5594482421875,1829.2392578125,20637542361,31594.6640625,32637.587890625,30184.501953125,32186.27734375,38585385521
2021-06-27,0.24604499340057373,0.2668910026550293,0.24089400470256805,0.2644500136375427,2167521670,1830.9969482421875,1979.9581298828125,1811.245849609375,1978.8946533203125,19885474742,32287.5234375,34656.12890625,32071.7578125,34649.64453125,35511640894
2021-06-28,0.2649179995059967,0.26698198914527893,0.2507619857788086,0.2568570077419281,1932994784,1981.386474609375,2139.805419921875,1963.615478515625,2079.657470703125,25514602841,34679.12109375,35219.890625,33902.07421875,34434.3359375,33892523752
2021-06-29,0.2570610046386719,0.27494001388549805,0.2529880106449127,0.26276901364326477,2192562738,2083.44873046875,2242.23876953125,2076.240234375,2160.768310546875,24815124419,34475.55859375,36542.109375,34252.484375,35867.77734375,37901460044
2021-06-30,0.26341700553894043,0.2635380029678345,0.23826800286769867,0.2542150020599365,2047763830,2164.21630859375,2282.989013671875,2090.7607421875,2274.547607421875,25828056268,35908.38671875,36074.7578125,34086.15234375,35040.8359375,34059036099
2021-07-01,0.2538279891014099,0.26009199023246765,0.2386769950389862,0.2445490062236786,2463946548,2274.3974609375,2274.3974609375,2081.0810546875,2113.60546875,29061701793,35035.984375,35035.984375,32883.78125,33572.1171875,37838957079
2021-07-02,0.2439820021390915,0.2479970008134842,0.2388480007648468,0.2452639937400818,1321470954,2109.892578125,2155.596435546875,2021.8248291015625,2150.040283203125,31796212554,33549.6015625,33939.58984375,32770.6796875,33897.046875,38728974942
2021-07-03,0.24510599672794342,0.25021401047706604,0.24245400726795197,0.24641099572181702,917015819,2150.8349609375,2237.567138671875,2117.590087890625,2226.1142578125,17433361641,33854.421875,34909.26171875,33402.6953125,34668.546875,24383958643
